CNE,Nom,Prenom,Absences_S1,Module_S1_1,Module_S1_2,Module_S1_3,Module_S1_4,Module_S1_5,Anglais_Tech_1,Francais_Pro_1,Moyenne_S1,Absences_S2,Module_S2_1,Module_S2_2,Module_S2_3,Module_S2_4,Module_S2_5,Anglais_Tech_2,Francais_Pro_2,PFA_2,Moyenne_S2,Moyenne_Annuelle,Modules_Non_Valides,Redoublant,Filiere,Filiere_Code,Filiere_Key,Progression,Total_Absences,Moy_Module1,Moy_Technique_S1,Moy_Technique_S2,Score_Prereq_Global,Ratio_NV,Stabilite_Notes,PFA_Excellence,Reussite,Danger_Absences,Danger_Redoublant,Score_Danger,Profil_Comportement,nb_modules_3A_valides,nb_modules_3A_non_valides,note_s5_predite,note_pfe_predite,taux_validation_3A,statut_3A,Prereq_Securite_Avancee,Valide_3A_Securite_Avancee,Prereq_Reseaux_Entreprise,Valide_3A_Reseaux_Entreprise,Prereq_Forensique_Numerique,Valide_3A_Forensique_Numerique,Prereq_Pentesting,Valide_3A_Pentesting,Prereq_PFE,Valide_3A_PFE,Prereq_Electronique_Puissance,Valide_3A_Electronique_Puissance,Prereq_Machines_Electriques,Valide_3A_Machines_Electriques,Prereq_Energies_Renouvelables,Valide_3A_Energies_Renouvelables,Prereq_Automatique_Avancee,Valide_3A_Automatique_Avancee,Prereq_Beton_Arme,Valide_3A_Beton_Arme,Prereq_Geotechnique,Valide_3A_Geotechnique,Prereq_Hydraulique,Valide_3A_Hydraulique,Prereq_Routes_Ponts,Valide_3A_Routes_Ponts,Prereq_Manufacturing_Avance,Valide_3A_Manufacturing_Avance,Prereq_Robotique_Automatisation,Valide_3A_Robotique_Automatisation,Prereq_Logistique_Supply,Valide_3A_Logistique_Supply,Prereq_Qualite_HSE,Valide_3A_Qualite_HSE,Prereq_Systemes_Distribues,Valide_3A_Systemes_Distribues,Prereq_Reseaux_Avances,Valide_3A_Reseaux_Avances,Prereq_Intelligence_Artificielle,Valide_3A_Intelligence_Artificielle,Prereq_Securite_SI,Valide_3A_Securite_SI,Prereq_Big_Data,Valide_3A_Big_Data,Prereq_Developpement_Web_Avance,Valide_3A_Developpement_Web_Avance,Prereq_Genie_Logiciel,Valide_3A_Genie_Logiciel,Prereq_Securite_Informatique,Valide_3A_Securite_Informatique
B441737,Bensouda,Khalil,18,9.74,12.9,16.23,16.61,11.8,18.84,12.26,13.84,19,13.2,13.47,11.48,19.37,14.11,19.32,18.31,15.6,15.16,14.5,3,0,ccn_cybersec,2,ccn,1.3200000000000003,37,11.469999999999999,14.385000000000002,14.607500000000002,14.518500000000001,0.25,2.8281146055671473,1,1,1,0,1,3,0,5,10.5,12.82,0.0,ROUGE,10.72,0.0,11.49,0.0,9.45,0.0,10.33,0.0,10.97,0,,,,,,,,,,,,,,,,,,,,,,,,,,,,,,,,,,,,,,,,
R352175,Chraibi,Nora,4,16.65,12.96,13.42,13.9,18.98,9.92,13.27,14.35,7,11.74,19.27,15.9,14.51,13.12,10.35,17.49,12.9,14.5,14.43,3,0,ccn_cybersec,2,ccn,0.15000000000000036,11,14.195,14.815000000000001,15.7,15.346,0.25,2.5788811096632154,0,1,0,0,0,1,5,0,13.1,12.51,100.0,VERT,12.68,1.0,12.36,1.0,14.44,1.0,12.93,1.0,12.25,1,,,,,,,,,,,,,,,,,,,,,,,,,,,,,,,,,,,,,,,,
R962512,Daoudi,Yassine,13,17.73,11.04,18.42,16.7,19.13,16.44,19.5,16.8,8,12.98,16.37,16.76,13.56,13.3,12.01,17.86,11.73,14.3,15.55,2,0,ccn_cybersec,2,ccn,-2.5,21,15.355,16.322499999999998,14.997500000000002,15.527500000000002,0.16666666666666666,2.691721671264612,0,0,1,0,1,2,4,1,12.61,11.24,80.0,VERT,12.79,1.0,12.14,1.0,12.87,1.0,12.64,1.0,10.91,0,,,,,,,,,,,,,,,,,,,,,,,,,,,,,,,,,,,,,,,,
F406524,Ennaji,Samira,20,15.16,11.29,15.47,16.15,14.29,11.71,18.0,14.5,4,13.65,11.49,15.09,16.21,14.39,12.62,17.54,13.19,14.12,14.31,3,0,ccn_cybersec,2,ccn,-0.3800000000000008,24,14.405000000000001,14.299999999999999,14.295,14.297,0.25,1.7380221837223802,0,1,1,0,1,2,3,2,12.39,12.32,60.0,JAUNE,12.69,1.0,12.71,1.0,11.51,0.0,12.66,1.0,11.74,0,,,,,,,,,,,,,,,,,,,,,,,,,,,,,,,,,,,,,,,,
G684995,Fadili,Hamza,6,11.06,9.87,13.08,12.45,14.07,16.22,17.89,13.05,17,16.8,12.02,14.9,16.83,15.2,15.09,15.04,11.13,14.49,13.77,3,0,ccn_cybersec,2,ccn,1.4399999999999995,23,13.93,12.3675,14.7375,13.7895,0.25,2.3473332386632566,0,0,1,0,1,2,3,2,12.21,11.06,60.0,JAUNE,12.28,1.0,12.65,1.0,11.45,0.0,12.45,1.0,11.01,0,,,,,,,,,,,,,,,,,,,,,,,,,,,,,,,,,,,,,,,,
P349362,Ghriss,Imane,9,13.52,14.71,15.64,17.96,17.02,15.59,17.06,15.77,18,13.77,12.91,18.44,18.17,11.82,17.84,12.37,16.4,15.24,15.5,1,0,ccn_cybersec,2,ccn,-0.5299999999999994,27,13.645,16.3325,15.335,15.734000000000002,0.08333333333333333,2.399857403171188,1,1,1,0,1,2,4,1,12.42,14.23,80.0,VERT,12.27,1.0,11.7,0.0,13.17,1.0,12.55,1.0,12.79,1,,,,,,,,,,,,,,,,,,,,,,,,,,,,,,,,,,,,,,,,
H682893,Hajjioui,Tarik,15,11.47,13.33,18.34,10.2,16.86,12.16,12.33,13.7,18,13.5,14.36,13.37,12.4,9.5,14.98,13.87,18.67,13.93,13.81,3,0,ccn_cybersec,2,ccn,0.23000000000000043,33,12.485,14.682500000000001,12.407499999999999,13.317499999999999,0.25,2.7374483252352606,1,1,1,0,1,3,0,5,8.61,14.18,0.0,ROUGE,8.47,0.0,8.21,0.0,9.71,0.0,8.05,0.0,11.19,0,,,,,,,,,,,,,,,,,,,,,,,,,,,,,,,,,,,,,,,,
N102544,Idrissi,Rania,6,13.54,13.82,12.92,14.87,14.98,15.82,12.99,14.04,8,10.06,13.81,12.61,11.8,12.13,12.78,11.62,14.4,12.45,13.24,3,0,ccn_cybersec,2,ccn,-1.5899999999999999,14,11.8,14.1475,12.5875,13.211500000000001,0.25,1.4909817794549556,1,1,0,0,0,1,1,4,11.72,13.17,20.0,ROUGE,11.74,0.0,11.48,0.0,11.96,0.0,11.71,0.0,12.35,1,,,,,,,,,,,,,,,,,,,,,,,,,,,,,,,,,,,,,,,,
B129728,Jebli,Mohamed,7,10.81,12.91,16.55,13.46,11.17,14.43,13.21,13.2,19,18.86,13.05,12.11,12.36,17.2,12.84,14.43,11.57,14.06,13.63,3,0,ccn_cybersec,2,ccn,0.8600000000000012,26,14.835,13.5225,13.68,13.617,0.25,2.727635524690855,0,0,1,0,1,2,3,2,12.76,11.55,60.0,JAUNE,13.26,1.0,13.66,1.0,11.3,0.0,12.84,1.0,11.53,0,,,,,,,,,,,,,,,,,,,,,,,,,,,,,,,,,,,,,,,,
G281067,Karoumi,Dounia,16,10.63,12.52,12.16,16.05,9.17,13.36,15.23,12.52,8,19.35,13.04,15.51,15.88,15.39,16.93,7.38,15.79,15.19,13.86,3,0,ccn_cybersec,2,ccn,2.67,24,14.990000000000002,12.475000000000001,14.955,13.963000000000001,0.25,3.013783152267079,1,1,1,0,1,2,5,0,12.81,14.28,100.0,VERT,12.89,1.0,12.89,1.0,12.27,1.0,13.2,1.0,13.28,1,,,,,,,,,,,,,,,,,,,,,,,,,,,,,,,,,,,,,,,,
R631958,Lahlali,Anas,9,10.44,13.24,15.52,13.59,16.67,17.14,15.87,14.35,13,14.54,13.52,16.63,12.4,11.75,11.97,13.9,13.34,13.66,14.0,3,0,ccn_cybersec,2,ccn,-0.6899999999999995,22,12.489999999999998,14.754999999999999,13.575,14.047,0.25,2.044803712394474,0,1,1,0,1,2,1,4,11.44,12.05,20.0,ROUGE,11.34,0.0,10.59,0.0,12.38,1.0,11.45,0.0,11.19,0,,,,,,,,,,,,,,,,,,,,,,,,,,,,,,,,,,,,,,,,
M291757,Moutaouakil,Sara,7,17.66,12.08,10.18,17.7,18.04,14.53,17.42,15.12,14,12.92,13.02,14.72,14.76,10.76,10.65,12.5,12.44,12.85,13.98,3,0,ccn_cybersec,2,ccn,-2.2699999999999996,21,15.29,14.499999999999998,13.315,13.788999999999998,0.25,2.88805663225483,0,1,1,0,1,2,0,5,10.81,11.15,0.0,ROUGE,10.68,0.0,10.2,0.0,11.25,0.0,11.1,0.0,10.29,0,,,,,,,,,,,,,,,,,,,,,,,,,,,,,,,,,,,,,,,,
T437098,Nouri,Bilal,12,17.83,15.83,14.26,7.16,17.96,13.07,12.39,14.36,9,15.26,18.74,11.67,16.51,8.03,19.5,13.64,17.89,15.16,14.76,3,0,ccn_cybersec,2,ccn,0.8000000000000007,21,16.544999999999998,13.8025,13.7375,13.7635,0.25,4.095003052501915,1,1,1,0,1,2,0,5,8.77,14.19,0.0,ROUGE,7.84,0.0,8.3,0.0,11.33,0.0,7.6,0.0,11.73,0,,,,,,,,,,,,,,,,,,,,,,,,,,,,,,,,,,,,,,,,
F191417,Ouazzani,Fatima,6,18.81,13.2,12.92,12.38,11.27,9.74,13.85,13.45,0,13.8,19.14,16.71,11.62,14.58,18.24,12.22,13.27,15.02,14.23,3,0,ccn_cybersec,2,ccn,1.5700000000000003,6,16.305,12.442499999999999,15.5125,14.2845,0.25,2.84530431881489,0,1,0,0,0,1,5,0,14.83,13.77,100.0,VERT,14.41,1.0,13.76,1.0,16.31,1.0,14.83,1.0,14.1,1,,,,,,,,,,,,,,,,,,,,,,,,,,,,,,,,,,,,,,,,
N916546,Patel,Karim,1,13.47,13.14,12.76,14.11,9.0,10.42,13.64,12.46,19,16.24,17.3,12.96,19.07,11.56,19.04,15.98,18.52,16.26,14.36,3,0,ccn_cybersec,2,ccn,3.8000000000000007,20,14.855,12.2525,15.2225,14.0345,0.25,2.9098050717454518,1,1,1,0,1,2,2,3,11.84,15.96,40.0,ROUGE,11.38,0.0,11.94,0.0,12.62,1.0,11.4,0.0,14.26,1,,,,,,,,,,,,,,,,,,,,,,,,,,,,,,,,,,,,,,,,
B659906,Qorchi,Houda,17,19.33,10.73,12.5,12.41,12.68,18.39,16.32,14.39,14,8.89,9.31,13.05,13.24,15.43,14.09,19.01,17.9,13.52,13.96,3,0,ccn_cybersec,2,ccn,-0.870000000000001,31,14.11,12.08,12.7575,12.4865,0.25,3.014870736127098,1,1,1,0,1,3,1,4,10.34,14.59,20.0,ROUGE,10.63,0.0,10.86,0.0,9.17,0.0,10.68,0.0,12.38,1,,,,,,,,,,,,,,,,,,,,,,,,,,,,,,,,,,,,,,,,
G314933,Rahali,Zakaria,1,13.72,13.85,11.43,12.53,13.1,19.23,15.0,13.8,1,18.93,19.43,18.26,8.3,16.05,12.21,10.22,19.36,16.02,14.91,3,0,ccn_cybersec,2,ccn,2.219999999999999,2,16.325,12.727500000000001,15.509999999999998,14.397,0.25,3.57725220432294,1,1,0,0,0,0,5,0,15.74,18.6,100.0,VERT,15.34,1.0,14.11,1.0,17.42,1.0,16.1,1.0,18.1,1,,,,,,,,,,,,,,,,,,,,,,,,,,,,,,,,,,,,,,,,
R300999,Sabbar,Meriem,17,12.46,14.67,18.31,15.09,14.19,11.04,10.48,14.1,16,12.63,13.08,13.56,18.49,16.12,8.22,14.83,13.53,13.87,13.98,3,0,ccn_cybersec,2,ccn,-0.23000000000000043,33,12.545000000000002,15.564999999999998,15.3125,15.413499999999999,0.25,2.180626821199201,0,1,1,0,1,3,1,4,11.54,11.9,20.0,ROUGE,11.8,0.0,12.42,1.0,10.55,0.0,11.41,0.0,10.82,0,,,,,,,,,,,,,,,,,,,,,,,,,,,,,,,,,,,,,,,,
F184881,Tahiri,Othmane,19,12.63,12.01,15.11,14.35,12.3,14.84,16.98,13.82,4,12.94,13.86,18.13,10.65,10.23,11.49,13.21,12.34,13.06,13.44,3,0,ccn_cybersec,2,ccn,-0.7599999999999998,23,12.785,13.442499999999999,13.217500000000001,13.307500000000001,0.25,2.3009343512775167,0,1,1,0,1,2,1,4,11.09,11.19,20.0,ROUGE,10.93,0.0,9.6,0.0,12.61,1.0,11.22,0.0,10.42,0,,,,,,,,,,,,,,,,,,,,,,,,,,,,,,,,,,,,,,,,
R831099,Ujjain,Widad,8,19.02,17.46,18.85,11.81,13.53,14.57,19.43,16.55,11,18.8,11.06,14.1,14.4,16.4,14.38,18.13,8.04,14.14,15.35,3,0,ccn_cybersec,2,ccn,-2.41,19,18.91,15.412500000000001,13.99,14.559000000000001,0.25,2.9724028813215897,0,0,1,0,1,2,4,1,13.97,9.61,80.0,VERT,14.26,1.0,14.63,1.0,13.22,1.0,13.77,1.0,10.66,0,,,,,,,,,,,,,,,,,,,,,,,,,,,,,,,,,,,,,,,,
N558899,Verlinden,Mehdi,14,10.53,12.67,14.33,9.83,13.99,13.01,12.54,12.4,14,12.96,12.31,16.54,11.94,15.46,13.24,13.71,18.58,14.48,13.44,3,0,ccn_cybersec,2,ccn,2.08,28,11.745000000000001,12.705,14.0625,13.5195,0.25,2.0859540849319873,1,1,1,0,1,2,5,0,12.42,16.25,100.0,VERT,12.4,1.0,12.1,1.0,12.56,1.0,12.61,1.0,14.69,1,,,,,,,,,,,,,,,,,,,,,,,,,,,,,,,,,,,,,,,,
P838471,Wahbi,Chaimaa,5,11.04,9.81,13.49,15.18,15.71,14.61,13.44,13.08,7,14.05,13.13,14.39,11.97,15.2,15.09,18.15,13.9,14.29,13.68,3,0,ccn_cybersec,2,ccn,1.209999999999999,12,12.545,13.547500000000001,13.6725,13.6225,0.25,1.9359353180195755,0,1,0,0,0,1,5,0,13.31,13.51,100.0,VERT,13.67,1.0,13.41,1.0,12.4,1.0,13.76,1.0,13.25,1,,,,,,,,,,,,,,,,,,,,,,,,,,,,,,,,,,,,,,,,
N180005,Xalil,Driss,17,17.79,12.82,14.12,16.7,17.59,12.9,14.92,15.32,19,14.48,18.62,12.98,12.37,10.76,10.23,11.7,12.48,13.27,14.29,3,0,ccn_cybersec,2,ccn,-2.0500000000000007,36,16.134999999999998,15.307500000000001,13.6825,14.3325,0.25,2.686290503029534,0,1,1,0,1,3,0,5,9.52,10.37,0.0,ROUGE,9.39,0.0,9.01,0.0,10.38,0.0,9.29,0.0,8.96,0,,,,,,,,,,,,,,,,,,,,,,,,,,,,,,,,,,,,,,,,
F980265,Yahi,Loubna,18,13.42,16.5,13.29,17.76,9.96,16.36,18.14,14.84,3,10.38,10.54,17.56,12.69,12.02,14.19,16.25,14.95,13.45,14.14,3,0,ccn_cybersec,2,ccn,-1.3900000000000006,21,11.9,14.3775,13.2025,13.6725,0.25,2.93405975853708,1,1,1,0,1,2,3,2,12.0,13.24,60.0,JAUNE,11.98,0.0,10.96,0.0,12.66,1.0,12.39,1.0,12.1,1,,,,,,,,,,,,,,,,,,,,,,,,,,,,,,,,,,,,,,,,
R879232,Zahraoui,Saad,0,12.46,13.34,12.01,11.75,14.13,10.63,12.58,12.49,12,14.64,16.48,12.83,17.56,11.67,19.42,13.17,13.87,14.82,13.66,3,0,ccn_cybersec,2,ccn,2.33,12,13.55,12.807500000000001,14.635000000000002,13.904000000000002,0.25,2.0248020479378552,0,1,1,0,1,1,1,4,11.5,12.72,20.0,ROUGE,10.98,0.0,11.5,0.0,12.45,1.0,11.06,0.0,11.96,0,,,,,,,,,,,,,,,,,,,,,,,,,,,,,,,,,,,,,,,,
T991021,Abbadi,Basma,11,12.8,15.33,9.81,18.6,14.44,14.42,15.71,14.22,8,18.44,15.51,15.76,12.68,13.48,11.04,10.37,15.19,14.51,14.37,3,0,ccn_cybersec,2,ccn,0.28999999999999915,19,15.620000000000001,14.545,14.357500000000002,14.432500000000001,0.25,2.6776949042039875,1,1,1,0,1,2,5,0,13.36,14.17,100.0,VERT,13.18,1.0,12.45,1.0,14.03,1.0,13.79,1.0,13.49,1,,,,,,,,,,,,,,,,,,,,,,,,,,,,,,,,,,,,,,,,
F199535,Bakkali,Ayoub,13,13.62,11.78,16.79,15.8,15.9,13.3,13.24,14.39,7,10.71,12.23,10.5,14.41,18.52,15.39,18.36,13.14,13.7,14.04,3,0,ccn_cybersec,2,ccn,-0.6900000000000013,20,12.165,15.0675,13.915,14.376,0.25,2.718366339468534,0,1,1,0,1,2,4,1,14.28,13.37,80.0,VERT,15.13,1.0,16.08,1.0,11.44,0.0,14.49,1.0,13.52,1,,,,,,,,,,,,,,,,,,,,,,,,,,,,,,,,,,,,,,,,
P583643,Chakir,Sanae,13,10.14,12.32,14.85,11.39,16.5,14.07,14.35,13.22,10,12.9,13.95,11.84,14.61,19.15,15.91,17.31,15.15,14.82,14.02,3,0,ccn_cybersec,2,ccn,1.5999999999999996,23,11.52,13.765,14.8875,14.4385,0.25,2.6609741324059,1,1,1,0,1,2,4,1,13.31,14.3,80.0,VERT,13.67,1.0,14.62,1.0,11.57,0.0,13.38,1.0,13.74,1,,,,,,,,,,,,,,,,,,,,,,,,,,,,,,,,,,,,,,,,
F919533,Darouich,Khalid,16,13.08,17.19,10.89,10.15,13.88,19.2,12.03,13.64,8,11.59,15.03,14.41,14.85,18.18,14.66,19.1,12.51,14.74,14.19,3,0,ccn_cybersec,2,ccn,1.0999999999999996,24,12.335,13.027500000000002,15.6175,14.581500000000002,0.25,2.597161912549928,0,1,1,0,1,2,5,0,13.34,12.49,100.0,VERT,13.06,1.0,13.63,1.0,13.29,1.0,13.39,1.0,12.47,1,,,,,,,,,,,,,,,,,,,,,,,,,,,,,,,,,,,,,,,,
N211648,Essalhi,Latifa,16,11.62,13.04,12.84,19.35,14.48,11.17,13.26,13.66,5,18.48,14.03,19.0,11.65,14.04,12.16,17.24,14.93,15.39,14.53,3,0,ccn_cybersec,2,ccn,1.7300000000000004,21,15.05,14.927500000000002,14.68,14.779,0.25,2.983357728019443,1,1,1,0,1,2,5,0,13.24,13.66,100.0,VERT,13.32,1.0,12.05,1.0,13.67,1.0,13.91,1.0,12.82,1,,,,,,,,,,,,,,,,,,,,,,,,,,,,,,,,,,,,,,,,
B566362,Figuigui,Amine,0,14.85,13.75,14.57,14.88,11.85,14.07,13.52,13.98,18,10.41,13.88,16.01,19.22,14.94,9.56,14.14,19.49,14.9,14.44,3,0,ccn_cybersec,2,ccn,0.9199999999999999,18,12.629999999999999,13.762500000000001,16.0125,15.1125,0.25,2.3494784291175965,1,1,1,0,1,2,5,0,13.97,17.48,100.0,VERT,13.87,1.0,14.22,1.0,13.78,1.0,14.02,1.0,16.14,1,,,,,,,,,,,,,,,,,,,,,,,,,,,,,,,,,,,,,,,,
N227381,Guenoun,Rim,18,12.91,12.34,15.81,12.04,8.09,8.79,18.32,12.66,16,17.07,14.32,14.03,7.66,18.37,14.94,17.65,17.34,15.17,13.91,3,0,ccn_cybersec,2,ccn,2.51,34,14.99,12.07,13.595000000000002,12.985000000000003,0.25,3.4863741113719344,1,1,1,0,1,3,3,2,11.78,14.74,60.0,JAUNE,12.2,1.0,11.96,0.0,10.9,0.0,12.04,1.0,13.0,1,,,,,,,,,,,,,,,,,,,,,,,,,,,,,,,,,,,,,,,,
T655454,Hammadi,Reda,1,12.9,13.45,16.89,14.9,18.44,10.26,10.0,14.15,2,14.63,17.83,12.84,10.07,12.42,15.35,16.54,16.21,14.51,14.33,3,0,ccn_cybersec,2,ccn,0.35999999999999943,3,13.765,15.920000000000002,13.29,14.342,0.25,2.6422046770747256,1,1,0,0,0,0,5,0,13.3,15.2,100.0,VERT,13.4,1.0,12.88,1.0,13.98,1.0,12.95,1.0,14.53,1,,,,,,,,,,,,,,,,,,,,,,,,,,,,,,,,,,,,,,,,
K968417,Ibrahimi,Zineb,5,12.52,13.89,18.59,16.47,17.91,14.57,14.08,15.46,18,18.63,8.65,14.27,15.48,16.26,11.96,11.52,16.39,14.33,14.89,3,0,ccn_cybersec,2,ccn,-1.1300000000000008,23,15.575,16.715,13.665000000000003,14.885000000000002,0.25,3.0918712421085353,1,1,1,0,1,2,4,1,13.1,14.77,80.0,VERT,13.77,1.0,13.97,1.0,11.3,0.0,13.36,1.0,13.69,1,,,,,,,,,,,,,,,,,,,,,,,,,,,,,,,,,,,,,,,,
M887541,Jouahri,Nabil,10,17.59,11.94,18.78,18.24,11.06,19.05,13.39,15.73,17,13.55,18.29,12.86,16.31,18.6,13.05,9.45,14.33,14.77,15.25,3,0,ccn_cybersec,2,ccn,-0.9600000000000009,27,15.57,15.004999999999999,16.515,15.911000000000001,0.25,3.043221246566795,1,1,1,0,1,2,5,0,14.36,13.71,100.0,VERT,14.91,1.0,15.53,1.0,12.64,1.0,14.35,1.0,13.29,1,,,,,,,,,,,,,,,,,,,,,,,,,,,,,,,,,,,,,,,,
R979220,Akhchichane,Youssef,0,17.37,16.82,19.46,18.65,15.05,13.74,13.55,16.72,13,17.17,18.57,17.38,17.49,7.34,12.26,8.09,14.32,14.63,15.68,2,0,gee_genie_electrique,3,gee,-2.089999999999998,13,17.270000000000003,17.495,15.195,16.115000000000002,0.16666666666666666,3.4436866549931304,1,1,1,0,1,1,5,0,16.27,14.52,100.0,VERT,,,,,,,,,14.66,1,16.26,1.0,16.4,1.0,16.31,1.0,16.11,1.0,,,,,,,,,,,,,,,,,,,,,,,,,,,,,,,,
N679117,Benbrahim,Nadia,18,14.01,17.72,9.81,16.11,14.33,9.66,19.23,14.35,13,13.5,12.81,13.69,14.44,19.28,13.89,18.08,10.68,14.24,14.29,3,0,gee_genie_electrique,3,gee,-0.10999999999999943,31,13.754999999999999,14.4925,15.055,14.83,0.25,2.6360913826682446,0,0,1,0,1,3,0,5,10.89,9.88,0.0,ROUGE,,,,,,,,,9.34,0,10.77,0.0,11.07,0.0,11.14,0.0,10.57,0.0,,,,,,,,,,,,,,,,,,,,,,,,,,,,,,,,
H358033,Chrif,Omar,4,15.0,12.28,16.81,8.41,12.8,18.98,7.14,13.23,17,15.25,15.47,16.07,13.97,13.26,18.99,10.54,15.8,15.01,14.12,3,0,gee_genie_electrique,3,gee,1.7799999999999994,21,15.125,12.575,14.692499999999999,13.845499999999998,0.25,2.4279200060042245,1,1,1,0,1,2,2,3,11.65,13.79,40.0,ROUGE,,,,,,,,,12.45,1,11.5,0.0,11.41,0.0,11.59,0.0,12.1,1.0,,,,,,,,,,,,,,,,,,,,,,,,,,,,,,,,
R973043,Dahak,Samira,14,12.97,13.29,16.69,10.49,16.78,19.34,16.71,14.9,14,12.04,17.71,11.82,11.0,14.14,15.17,15.57,13.91,13.83,14.37,3,0,gee_genie_electrique,3,gee,-1.0700000000000003,28,12.504999999999999,14.3125,13.6675,13.9255,0.25,2.566554326545829,0,1,1,0,1,2,0,5,10.7,12.06,0.0,ROUGE,,,,,,,,,10.83,0,9.95,0.0,11.28,0.0,11.42,0.0,10.15,0.0,,,,,,,,,,,,,,,,,,,,,,,,,,,,,,,,
N368265,El Boukili,Karim,18,12.98,13.84,18.76,11.9,18.84,17.1,14.21,15.34,10,11.89,14.01,17.3,13.62,13.41,11.05,18.59,14.65,14.3,14.82,3,0,gee_genie_electrique,3,gee,-1.0399999999999991,28,12.435,15.835,14.585,15.085,0.25,2.647926862031251,1,1,1,0,1,2,2,3,11.71,13.49,40.0,ROUGE,,,,,,,,,12.72,1,11.49,0.0,11.96,0.0,12.05,1.0,11.34,0.0,,,,,,,,,,,,,,,,,,,,,,,,,,,,,,,,
M674923,Fahr,Rim,17,11.36,18.37,14.21,13.07,13.3,17.49,10.02,14.06,4,16.63,9.32,17.05,18.27,18.03,18.73,16.06,13.64,15.67,14.87,3,0,gee_genie_electrique,3,gee,1.6099999999999994,21,13.995,14.7375,15.6675,15.2955,0.25,3.1767539337436186,0,1,1,0,1,2,3,2,12.23,12.87,60.0,JAUNE,,,,,,,,,12.35,1,12.64,1.0,11.66,0.0,11.91,0.0,12.72,1.0,,,,,,,,,,,,,,,,,,,,,,,,,,,,,,,,
G867003,Ghazali,Amine,5,12.97,14.3,17.27,13.73,12.22,13.11,14.55,14.12,18,12.73,12.07,13.89,12.29,10.69,12.68,9.43,8.82,11.64,12.88,3,0,gee_genie_electrique,3,gee,-2.4799999999999986,23,12.850000000000001,14.379999999999999,12.235,13.093,0.25,1.7691378942549643,0,0,1,0,1,2,0,5,11.34,9.19,0.0,ROUGE,,,,,,,,,9.43,0,11.36,0.0,11.36,0.0,11.39,0.0,11.23,0.0,,,,,,,,,,,,,,,,,,,,,,,,,,,,,,,,
N648936,Hachimi,Latifa,14,9.81,17.09,17.49,9.88,15.37,13.02,13.81,13.91,11,12.15,11.79,13.88,13.47,18.2,13.99,17.63,16.16,14.45,14.18,3,0,gee_genie_electrique,3,gee,0.5399999999999991,25,10.98,14.9575,14.335,14.584000000000001,0.25,3.06053390403991,1,1,1,0,1,2,1,4,10.28,13.83,20.0,ROUGE,,,,,,,,,12.28,1,9.85,0.0,10.52,0.0,10.86,0.0,9.89,0.0,,,,,,,,,,,,,,,,,,,,,,,,,,,,,,,,
T714533,Idali,Tarik,6,11.13,18.64,10.72,13.81,17.84,16.11,14.5,14.51,0,12.94,13.94,16.12,11.07,13.05,17.72,17.0,16.24,14.61,14.56,3,0,gee_genie_electrique,3,gee,0.09999999999999964,6,12.035,15.252500000000001,13.545000000000002,14.228000000000002,0.25,2.796045620355846,1,1,0,0,0,1,5,0,14.2,15.98,100.0,VERT,,,,,,,,,15.8,1,13.73,1.0,14.71,1.0,14.98,1.0,13.39,1.0,,,,,,,,,,,,,,,,,,,,,,,,,,,,,,,,
T505557,Jalili,Houda,14,12.69,10.8,11.09,15.85,12.25,14.98,18.12,13.26,5,14.99,11.05,16.44,19.08,18.62,12.19,13.42,13.96,15.0,14.13,3,0,gee_genie_electrique,3,gee,1.7400000000000002,19,13.84,12.4975,16.2975,14.7775,0.25,3.1425085520965568,0,1,1,0,1,2,5,0,13.11,13.86,100.0,VERT,,,,,,,,,13.79,1,14.01,1.0,12.47,1.0,12.21,1.0,13.74,1.0,,,,,,,,,,,,,,,,,,,,,,,,,,,,,,,,
B523513,Kaabi,Bilal,5,13.25,15.35,16.41,16.49,16.34,10.75,14.65,14.92,5,13.26,16.48,14.35,9.2,15.96,16.05,9.87,16.6,14.17,14.54,3,0,gee_genie_electrique,3,gee,-0.75,10,13.254999999999999,16.1475,13.9975,14.857500000000002,0.25,2.3224529656761144,1,1,0,0,0,1,5,0,14.75,16.2,100.0,VERT,,,,,,,,,15.93,1,14.45,1.0,15.28,1.0,15.22,1.0,14.04,1.0,,,,,,,,,,,,,,,,,,,,,,,,,,,,,,,,
K993987,Lagrini,Sara,20,12.77,13.36,9.88,16.57,18.65,13.25,12.67,13.75,18,11.37,18.75,9.7,18.67,16.8,17.5,19.39,15.45,15.56,14.66,3,0,gee_genie_electrique,3,gee,1.8100000000000005,38,12.07,14.615,15.98,15.434,0.25,3.6589549206175134,1,1,1,0,1,3,0,5,10.0,12.47,0.0,ROUGE,,,,,,,,,10.48,0,9.45,0.0,10.77,0.0,10.63,0.0,9.13,0.0,,,,,,,,,,,,,,,,,,,,,,,,,,,,,,,,
F129721,Mhammedi,Mehdi,11,16.14,13.29,9.78,9.77,12.76,16.37,17.95,13.42,20,12.77,12.96,12.9,10.1,14.02,15.65,17.45,17.53,14.02,13.72,3,0,gee_genie_electrique,3,gee,0.5999999999999996,31,14.455,11.4,12.495000000000001,12.057,0.25,2.0352856747340846,1,1,1,0,1,3,0,5,9.64,13.72,0.0,ROUGE,,,,,,,,,11.18,0,9.4,0.0,9.62,0.0,9.77,0.0,9.79,0.0,,,,,,,,,,,,,,,,,,,,,,,,,,,,,,,,
N370744,Nassiri,Ghita,15,17.51,13.07,13.47,10.16,14.83,10.72,13.93,13.59,17,18.11,10.58,13.82,18.35,14.5,17.42,15.16,15.18,15.22,14.41,3,0,gee_genie_electrique,3,gee,1.6300000000000008,32,17.810000000000002,12.8825,14.3125,13.7405,0.25,2.882086435591796,1,1,1,0,1,3,0,5,10.52,12.35,0.0,ROUGE,,,,,,,,,10.46,0,11.0,0.0,9.58,0.0,9.71,0.0,11.77,0.0,,,,,,,,,,,,,,,,,,,,,,,,,,,,,,,,
K600971,Ouad,Ayoub,4,11.67,16.33,8.47,19.3,17.65,8.61,12.11,13.53,20,17.94,15.7,12.75,13.13,17.82,14.68,16.67,15.43,15.5,14.52,3,0,gee_genie_electrique,3,gee,1.9700000000000006,24,14.805,15.437499999999998,14.85,15.085,0.25,3.441557141114404,1,1,1,0,1,2,5,0,13.16,13.98,100.0,VERT,,,,,,,,,13.01,1,13.51,1.0,12.99,1.0,12.84,1.0,13.28,1.0,,,,,,,,,,,,,,,,,,,,,,,,,,,,,,,,
H464143,Qaissi,Hafsa,9,15.92,14.74,14.88,12.27,19.07,16.44,17.31,15.67,14,10.75,17.61,11.25,15.92,9.88,14.85,14.81,12.38,13.3,14.48,3,0,gee_genie_electrique,3,gee,-2.369999999999999,23,13.335,15.24,13.665000000000001,14.295,0.25,3.0731758817223587,0,1,1,0,1,2,2,3,11.28,11.09,40.0,ROUGE,,,,,,,,,10.23,0,10.34,0.0,12.11,1.0,12.23,1.0,10.42,0.0,,,,,,,,,,,,,,,,,,,,,,,,,,,,,,,,
P414245,Regragui,Adil,19,10.86,12.17,13.26,13.01,13.02,11.65,14.87,12.59,10,16.11,14.28,16.94,12.93,12.5,19.49,10.59,13.4,14.58,13.59,3,0,gee_genie_electrique,3,gee,1.9900000000000002,29,13.485,12.864999999999998,14.1625,13.6435,0.25,1.8210180302969732,0,1,1,0,1,2,3,2,12.01,12.69,60.0,JAUNE,,,,,,,,,12.21,1,12.41,1.0,11.62,0.0,11.58,0.0,12.42,1.0,,,,,,,,,,,,,,,,,,,,,,,,,,,,,,,,
T570857,Sekkat,Meriem,4,17.21,13.54,19.15,14.81,16.48,18.66,13.85,16.28,14,9.88,12.09,12.53,9.02,13.91,16.66,11.08,12.39,12.04,14.16,3,0,gee_genie_electrique,3,gee,-4.240000000000002,18,13.545000000000002,15.995000000000001,11.8875,13.5305,0.25,3.1840951967901683,0,1,1,0,1,2,3,2,12.38,12.04,60.0,JAUNE,,,,,,,,,11.8,0,12.13,1.0,12.78,1.0,12.71,1.0,11.89,0.0,,,,,,,,,,,,,,,,,,,,,,,,,,,,,,,,
R901405,Tahri,Driss,11,13.83,12.83,19.11,9.9,11.41,14.52,14.79,13.86,9,17.88,19.28,14.86,11.91,17.1,12.66,13.95,17.11,15.93,14.89,3,0,gee_genie_electrique,3,gee,2.0700000000000003,20,15.855,13.3125,15.7875,14.7975,0.25,3.3681727654290206,1,1,1,0,1,2,5,0,13.29,15.27,100.0,VERT,,,,,,,,,14.04,1,13.05,1.0,13.09,1.0,13.24,1.0,13.78,1.0,,,,,,,,,,,,,,,,,,,,,,,,,,,,,,,,
K559446,Ufkir,Widad,0,14.6,16.65,11.43,9.93,12.51,13.79,11.64,13.08,7,19.0,15.91,14.33,14.34,14.19,13.27,14.15,13.09,14.94,14.01,3,0,gee_genie_electrique,3,gee,1.8599999999999994,7,16.8,12.629999999999999,14.692499999999999,13.867499999999998,0.25,2.600125851654963,0,1,0,0,0,1,5,0,14.66,12.99,100.0,VERT,,,,,,,,,12.92,1,14.5,1.0,14.14,1.0,14.51,1.0,15.47,1.0,,,,,,,,,,,,,,,,,,,,,,,,,,,,,,,,
H592958,Vantomme,Hamza,0,14.07,14.24,18.65,18.41,16.89,15.37,18.24,16.44,7,10.1,10.67,18.39,15.15,10.65,17.57,15.3,14.82,13.87,15.16,3,0,gee_genie_electrique,3,gee,-2.570000000000002,7,12.085,17.0475,13.715,15.047999999999998,0.25,3.372904452314718,1,1,0,0,0,1,5,0,14.95,15.8,100.0,VERT,,,,,,,,,16.45,1,15.28,1.0,15.27,1.0,15.04,1.0,14.21,1.0,,,,,,,,,,,,,,,,,,,,,,,,,,,,,,,,
K163546,Wardi,Chaimaa,13,10.37,17.42,14.65,14.23,14.94,19.46,14.48,14.85,2,17.48,12.44,17.67,16.05,12.23,9.04,13.03,11.46,13.96,14.41,3,0,gee_genie_electrique,3,gee,-0.8899999999999988,15,13.925,15.309999999999999,14.5975,14.8825,0.25,2.494116632753525,0,0,1,0,1,1,5,0,13.8,12.16,100.0,VERT,,,,,,,,,12.62,1,14.2,1.0,13.33,1.0,13.49,1.0,14.17,1.0,,,,,,,,,,,,,,,,,,,,,,,,,,,,,,,,
F964255,Xarfi,Zakaria,11,11.7,19.42,17.46,17.89,14.23,13.04,14.01,15.6,2,13.93,14.91,13.08,17.31,11.24,17.55,11.81,14.61,14.26,14.93,3,0,gee_genie_electrique,3,gee,-1.3399999999999999,13,12.815,17.25,14.135,15.381,0.25,2.7808713662367697,1,1,1,0,1,1,5,0,13.61,13.96,100.0,VERT,,,,,,,,,13.53,1,13.28,1.0,14.15,1.0,14.23,1.0,12.8,1.0,,,,,,,,,,,,,,,,,,,,,,,,,,,,,,,,
P212869,Yatribi,Fatima,9,17.6,12.66,11.71,13.18,14.52,10.69,19.49,14.18,13,14.19,16.61,14.52,9.54,18.13,17.41,15.0,12.16,14.57,14.38,3,0,gee_genie_electrique,3,gee,0.39000000000000057,22,15.895,13.017499999999998,14.7,14.026999999999997,0.25,2.6729517599670802,0,1,1,0,1,2,4,1,12.57,11.5,80.0,VERT,,,,,,,,,11.06,0,12.38,1.0,12.66,1.0,12.63,1.0,12.62,1.0,,,,,,,,,,,,,,,,,,,,,,,,,,,,,,,,
H675934,Ziani,Saad,9,14.91,18.44,13.89,16.5,14.24,10.96,15.11,15.08,18,11.96,13.55,12.14,12.55,18.12,13.85,12.49,11.51,13.16,14.12,3,0,gee_genie_electrique,3,gee,-1.92,27,13.435,15.7675,14.09,14.761,0.25,2.3521385068816754,0,0,1,0,1,2,2,3,12.14,10.99,40.0,ROUGE,,,,,,,,,10.64,0,11.7,0.0,12.69,1.0,12.78,1.0,11.4,0.0,,,,,,,,,,,,,,,,,,,,,,,,,,,,,,,,
G116985,Azri,Basma,11,17.01,18.82,16.21,16.72,10.04,13.41,18.09,15.92,2,16.84,18.71,9.76,12.74,17.92,10.51,17.76,15.93,15.11,15.52,3,0,gee_genie_electrique,3,gee,-0.8100000000000005,13,16.925,15.4475,14.7825,15.0485,0.25,3.3931730479498587,1,1,1,0,1,1,5,0,14.34,14.26,100.0,VERT,,,,,,,,,13.14,1,13.75,1.0,14.73,1.0,14.84,1.0,14.06,1.0,,,,,,,,,,,,,,,,,,,,,,,,,,,,,,,,
M535134,Bouchta,Othmane,20,14.34,11.36,8.23,13.83,18.2,15.45,13.36,13.25,13,18.68,13.79,16.8,7.66,13.53,14.79,15.56,17.25,14.95,14.1,3,0,gee_genie_electrique,3,gee,1.6999999999999993,33,16.509999999999998,12.905000000000001,12.945,12.929,0.25,3.756007928047484,1,1,1,0,1,3,3,2,11.39,14.35,60.0,JAUNE,,,,,,,,,12.41,1,12.08,1.0,10.61,0.0,10.52,0.0,12.37,1.0,,,,,,,,,,,,,,,,,,,,,,,,,,,,,,,,
R487780,Chaibi,Sanae,6,13.73,14.32,14.45,12.31,19.07,11.26,10.1,13.87,6,18.33,9.46,17.75,18.67,12.11,13.68,12.27,13.72,14.63,14.25,3,0,gee_genie_electrique,3,gee,0.7600000000000016,12,16.03,15.0375,14.4975,14.7135,0.25,3.2886809243558766,0,1,0,0,0,1,5,0,13.56,13.58,100.0,VERT,,,,,,,,,13.48,1,14.48,1.0,12.38,1.0,12.48,1.0,14.89,1.0,,,,,,,,,,,,,,,,,,,,,,,,,,,,,,,,
F608380,Derfoufi,Khalid,6,13.97,12.74,9.1,18.86,12.83,13.95,15.92,13.64,13,19.13,17.88,18.58,18.83,10.52,18.62,10.2,16.65,16.62,15.13,3,0,gee_genie_electrique,3,gee,2.9800000000000004,19,16.55,13.3825,16.452499999999997,15.224499999999999,0.25,3.8427224145852055,1,1,1,0,1,2,5,0,15.88,16.36,100.0,VERT,,,,,,,,,16.17,1,16.61,1.0,15.41,1.0,15.1,1.0,16.39,1.0,,,,,,,,,,,,,,,,,,,,,,,,,,,,,,,,
N915546,Elouafi,Loubna,16,13.13,15.78,17.4,15.78,13.91,14.79,16.1,15.28,13,11.25,15.96,12.12,18.07,10.46,11.15,17.0,14.62,13.77,14.52,3,0,gee_genie_electrique,3,gee,-1.5099999999999998,29,12.190000000000001,15.717500000000001,14.1525,14.778500000000001,0.25,2.607826681357486,1,1,1,0,1,2,2,3,11.64,13.04,40.0,ROUGE,,,,,,,,,11.98,0,11.09,0.0,12.38,1.0,12.38,1.0,10.73,0.0,,,,,,,,,,,,,,,,,,,,,,,,,,,,,,,,
H718051,Fekhari,Anas,6,13.28,15.26,9.97,12.2,18.85,12.4,8.21,13.05,8,13.65,18.31,15.12,16.9,14.96,12.22,9.88,12.48,14.46,13.76,3,0,gee_genie_electrique,3,gee,1.4100000000000001,14,13.465,14.07,16.322499999999998,15.421499999999998,0.25,2.7318898627547603,0,1,0,0,0,1,5,0,13.16,12.28,100.0,VERT,,,,,,,,,12.14,1,12.49,1.0,13.71,1.0,13.86,1.0,12.56,1.0,,,,,,,,,,,,,,,,,,,,,,,,,,,,,,,,
T572193,Guennouni,Zineb,17,10.66,13.39,14.02,12.97,11.75,17.96,17.47,13.64,7,15.51,14.03,13.8,11.32,16.65,16.62,14.1,12.54,14.22,13.93,3,0,gee_genie_electrique,3,gee,0.5800000000000001,24,13.085,13.0325,13.95,13.583,0.25,1.846811065353224,0,1,1,0,1,2,0,5,11.34,11.63,0.0,ROUGE,,,,,,,,,11.03,0,11.51,0.0,11.12,0.0,11.13,0.0,11.59,0.0,,,,,,,,,,,,,,,,,,,,,,,,,,,,,,,,
G223327,Hajouji,Reda,15,13.52,18.37,13.46,9.35,18.92,14.16,13.92,14.62,6,10.02,12.6,12.91,12.64,13.11,13.52,10.23,14.54,12.49,13.55,3,0,gee_genie_electrique,3,gee,-2.129999999999999,21,11.77,15.025,12.815,13.699,0.25,3.06371234506984,1,1,1,0,1,2,0,5,10.44,12.55,0.0,ROUGE,,,,,,,,,11.22,0,9.51,0.0,11.1,0.0,11.53,0.0,9.63,0.0,,,,,,,,,,,,,,,,,,,,,,,,,,,,,,,,
N900081,Ikken,Meryem,19,13.37,19.13,14.85,11.55,16.78,11.45,19.41,15.26,19,14.33,11.58,12.25,17.33,13.84,17.94,13.3,13.46,14.01,14.63,3,0,gee_genie_electrique,3,gee,-1.25,38,13.85,15.5775,13.75,14.481000000000002,0.25,2.556027516805456,0,1,1,0,1,3,0,5,9.94,11.14,0.0,ROUGE,,,,,,,,,9.59,0,9.63,0.0,9.96,0.0,10.27,0.0,9.89,0.0,,,,,,,,,,,,,,,,,,,,,,,,,,,,,,,,
G783247,Joudar,Nabil,5,2.9,12.19,12.23,6.58,7.49,11.66,7.08,8.59,8,7.68,16.25,8.72,12.22,6.32,16.45,10.28,3.34,9.83,9.21,10,1,gee_genie_electrique,3,gee,1.2400000000000002,13,5.29,9.6225,10.8775,10.375499999999999,0.8333333333333334,3.9047543670078233,0,0,0,1,1,1,0,5,6.81,4.04,0.0,ROUGE,,,,,,,,,4.5,0,5.68,0.0,7.89,0.0,8.15,0.0,5.52,0.0,,,,,,,,,,,,,,,,,,,,,,,,,,,,,,,,
K123456,El Amrani,Youssef,8,10.06,12.64,12.76,16.26,13.82,14.38,12.16,13.01,7,13.32,13.63,13.87,15.12,13.81,9.76,14.37,17.69,14.14,13.57,2,0,genie_civil,4,civil,1.1300000000000008,15,11.690000000000001,13.87,14.1075,14.0125,0.16666666666666666,1.624092567148396,1,1,0,0,0,1,5,0,12.59,16.02,100.0,VERT,,,,,,,,,14.9,1,,,,,,,,,12.17,1.0,13.27,1.0,12.25,1.0,12.66,1.0,,,,,,,,,,,,,,,,,,,,,,,,
T123456,Benali,Fatima,6,15.81,13.72,12.62,10.62,12.31,9.91,13.11,12.81,20,17.43,12.17,11.44,15.38,15.77,15.54,14.24,16.03,14.69,13.75,3,0,genie_civil,4,civil,1.879999999999999,26,16.62,12.3175,13.690000000000001,13.141000000000002,0.25,2.2484268574568604,1,1,1,0,1,2,1,4,11.51,13.94,20.0,ROUGE,,,,,,,,,12.55,1,,,,,,,,,11.69,0.0,11.61,0.0,11.57,0.0,11.19,0.0,,,,,,,,,,,,,,,,,,,,,,,,
K654321,Cherkaoui,Mohammed,14,8.79,8.75,16.31,13.74,16.34,12.36,14.29,12.74,4,13.37,12.16,13.31,12.58,14.84,16.9,12.28,10.6,13.07,12.91,3,0,genie_civil,4,civil,0.33000000000000007,18,11.079999999999998,13.785,13.2225,13.4475,0.25,2.6445518418901237,0,0,1,0,1,2,3,2,11.9,11.23,60.0,JAUNE,,,,,,,,,11.65,0,,,,,,,,,12.43,1.0,12.43,1.0,10.03,0.0,12.71,1.0,,,,,,,,,,,,,,,,,,,,,,,,
T632342,Fassi,Zineb,20,10.73,14.99,14.61,13.41,16.53,13.74,16.73,14.24,0,14.49,13.11,13.66,11.54,19.32,17.08,9.99,12.29,13.89,14.07,3,0,genie_civil,4,civil,-0.34999999999999964,20,12.61,14.885000000000002,14.4075,14.598500000000001,0.25,2.443237606128393,0,1,1,0,1,2,4,1,13.4,12.85,80.0,VERT,,,,,,,,,13.22,1,,,,,,,,,14.58,1.0,13.05,1.0,11.95,0.0,14.01,1.0,,,,,,,,,,,,,,,,,,,,,,,,
R804314,Bennani,Khalid,11,12.48,13.47,12.12,14.03,11.23,14.35,13.78,12.96,2,15.85,13.51,14.04,12.63,11.13,13.43,10.48,14.61,13.44,13.2,3,0,genie_civil,4,civil,0.47999999999999865,13,14.165,12.712499999999999,12.8275,12.781500000000001,0.25,1.4350180022099603,1,1,1,0,1,1,2,3,11.51,13.22,40.0,ROUGE,,,,,,,,,12.29,1,,,,,,,,,11.04,0.0,11.5,0.0,12.17,1.0,11.33,0.0,,,,,,,,,,,,,,,,,,,,,,,,
K360735,Ouali,Salma,6,13.7,8.75,9.29,12.78,17.93,12.47,17.1,12.77,3,12.92,19.49,17.45,19.11,18.58,17.61,9.08,14.61,16.27,14.52,3,0,genie_civil,4,civil,3.5,9,13.309999999999999,12.1875,18.6575,16.069499999999998,0.25,4.0423782878674555,1,1,0,0,0,1,5,0,16.29,15.25,100.0,VERT,,,,,,,,,15.67,1,,,,,,,,,16.89,1.0,16.46,1.0,14.73,1.0,17.09,1.0,,,,,,,,,,,,,,,,,,,,,,,,
K712554,Tazi,Hamza,16,18.49,13.64,14.4,13.35,17.64,7.86,12.91,14.45,12,8.5,18.13,10.08,14.43,14.74,12.24,14.3,14.97,13.37,13.91,3,0,genie_civil,4,civil,-1.08,28,13.495,14.7575,14.345,14.51,0.25,3.2723012629578516,1,1,1,0,1,2,5,0,13.6,13.73,100.0,VERT,,,,,,,,,12.91,1,,,,,,,,,14.11,1.0,12.89,1.0,13.39,1.0,14.01,1.0,,,,,,,,,,,,,,,,,,,,,,,,
K356150,Belhaj,Nadia,9,8.97,17.42,15.79,14.65,19.34,15.17,12.32,14.8,9,18.65,12.33,17.98,10.31,18.12,16.28,8.94,12.68,14.63,14.71,3,0,genie_civil,4,civil,-0.16999999999999993,18,13.809999999999999,16.8,14.685000000000002,15.531000000000002,0.25,3.6756622985978096,0,1,0,0,0,2,5,0,13.64,13.34,100.0,VERT,,,,,,,,,13.78,1,,,,,,,,,15.09,1.0,13.12,1.0,12.03,1.0,14.33,1.0,,,,,,,,,,,,,,,,,,,,,,,,
B110139,Lahlou,Amine,2,18.81,15.64,14.04,14.13,11.62,13.91,12.37,14.63,11,18.24,16.95,17.76,18.24,13.85,10.12,13.55,17.41,16.21,15.42,2,0,genie_civil,4,civil,1.58,13,18.525,13.8575,16.7,15.562999999999999,0.16666666666666666,2.430239128608998,1,1,1,0,1,1,5,0,14.04,15.49,100.0,VERT,,,,,,,,,14.21,1,,,,,,,,,13.26,1.0,14.06,1.0,15.47,1.0,13.36,1.0,,,,,,,,,,,,,,,,,,,,,,,,
K501124,Rhazi,Hasnaa,15,13.01,17.21,12.75,10.81,16.94,13.42,13.39,14.01,10,14.09,14.44,16.67,11.39,13.37,15.49,17.55,13.15,14.41,14.21,2,0,genie_civil,4,civil,0.40000000000000036,25,13.55,14.427500000000002,13.9675,14.1515,0.16666666666666666,2.2646991460726578,0,1,1,0,1,2,2,3,11.9,12.18,40.0,ROUGE,,,,,,,,,11.53,0,,,,,,,,,12.87,1.0,10.79,0.0,11.93,0.0,12.01,1.0,,,,,,,,,,,,,,,,,,,,,,,,
B820221,Berrada,Omar,6,11.55,13.58,15.3,11.13,13.49,17.6,16.0,13.84,9,15.34,13.79,15.72,13.93,14.17,15.31,11.74,17.11,14.8,14.32,3,0,genie_civil,4,civil,0.9600000000000009,15,13.445,13.375000000000002,14.4025,13.9915,0.25,1.5201535010210865,1,1,0,0,0,1,4,1,12.09,15.3,80.0,VERT,,,,,,,,,14.09,1,,,,,,,,,12.44,1.0,11.83,0.0,12.04,1.0,12.05,1.0,,,,,,,,,,,,,,,,,,,,,,,,
B451470,Kettani,Meryem,7,15.41,12.29,12.79,12.21,10.06,12.94,17.62,13.21,13,18.08,14.2,15.98,11.8,12.0,12.65,15.6,18.48,15.11,14.16,2,0,genie_civil,4,civil,1.8999999999999986,20,16.744999999999997,11.8375,13.495000000000001,12.832,0.16666666666666666,2.400637878194506,1,1,1,0,1,2,2,3,11.46,15.8,40.0,ROUGE,,,,,,,,,14.01,1,,,,,,,,,11.19,0.0,11.1,0.0,12.16,1.0,11.37,0.0,,,,,,,,,,,,,,,,,,,,,,,,
B547470,Idrissi,Rachid,14,18.22,16.3,12.93,10.24,13.63,14.97,16.57,14.74,20,12.77,12.5,15.92,12.34,11.2,18.16,12.66,11.43,13.23,13.98,3,0,genie_civil,4,civil,-1.5099999999999998,34,15.495,13.275,12.990000000000002,13.104000000000001,0.25,2.472121221407505,0,0,1,0,1,3,0,5,9.94,9.8,0.0,ROUGE,,,,,,,,,8.71,0,,,,,,,,,10.19,0.0,9.31,0.0,10.67,0.0,9.58,0.0,,,,,,,,,,,,,,,,,,,,,,,,
R664365,Mourad,Khadija,17,17.0,18.22,13.1,10.41,13.07,11.86,15.36,14.39,5,17.51,18.49,19.26,13.68,18.34,14.4,15.29,10.8,16.1,15.25,3,0,genie_civil,4,civil,1.7100000000000009,22,17.255000000000003,13.700000000000001,17.4425,15.9455,0.25,3.056006108196339,0,0,1,0,1,2,3,2,13.21,10.69,60.0,JAUNE,,,,,,,,,10.61,0,,,,,,,,,13.98,1.0,11.79,0.0,13.95,1.0,13.12,1.0,,,,,,,,,,,,,,,,,,,,,,,,
K890870,Sefrioui,Bilal,7,9.49,12.98,14.35,12.74,15.37,14.05,9.72,12.68,11,13.66,14.59,16.35,12.6,17.24,19.06,12.99,10.24,14.4,13.54,3,0,genie_civil,4,civil,1.7200000000000006,18,11.575,13.86,15.195,14.661,0.25,2.195237521950137,0,0,1,0,1,2,3,2,12.8,11.06,60.0,JAUNE,,,,,,,,,11.61,0,,,,,,,,,13.63,1.0,12.49,1.0,11.71,0.0,13.36,1.0,,,,,,,,,,,,,,,,,,,,,,,,
B778998,Ziani,Houda,0,17.62,17.28,8.32,19.01,14.94,17.36,15.84,15.57,16,19.07,10.38,17.1,13.73,13.04,12.44,16.14,12.55,14.36,14.96,2,0,genie_civil,4,civil,-1.2100000000000009,16,18.345,14.8875,13.562500000000002,14.092500000000001,0.16666666666666666,3.6593668244049486,0,1,1,0,1,2,5,0,13.67,12.61,100.0,VERT,,,,,,,,,12.65,1,,,,,,,,,13.05,1.0,14.45,1.0,13.86,1.0,13.32,1.0,,,,,,,,,,,,,,,,,,,,,,,,
T189771,Bakkali,Ayoub,13,13.11,16.48,15.63,15.07,13.14,16.91,8.16,14.28,7,10.83,14.27,12.92,13.64,12.32,16.32,11.13,16.68,13.52,13.9,3,0,genie_civil,4,civil,-0.7599999999999998,20,11.969999999999999,15.08,13.2875,14.0045,0.25,1.6684420543995195,1,1,1,0,1,2,5,0,12.73,15.03,100.0,VERT,,,,,,,,,13.93,1,,,,,,,,,12.41,1.0,12.57,1.0,13.5,1.0,12.45,1.0,,,,,,,,,,,,,,,,,,,,,,,,
M114835,Alami,Soukaina,17,12.49,13.56,13.85,10.65,18.8,14.97,16.41,14.19,0,14.18,12.87,12.51,9.3,12.51,18.76,12.97,17.81,13.8,14.0,2,0,genie_civil,4,civil,-0.3899999999999988,17,13.335,14.215,11.7975,12.764499999999998,0.16666666666666666,2.494134452403612,1,1,1,0,1,2,3,2,12.22,16.09,60.0,JAUNE,,,,,,,,,14.94,1,,,,,,,,,13.61,1.0,11.21,0.0,11.15,0.0,12.91,1.0,,,,,,,,,,,,,,,,,,,,,,,,
R420214,Daoudi,Mehdi,19,14.47,19.0,13.74,16.53,14.82,10.31,13.44,14.92,17,13.64,13.01,12.63,14.42,10.64,9.89,15.84,16.68,13.45,14.18,3,0,genie_civil,4,civil,-1.4700000000000006,36,14.055,16.0225,12.675,14.014000000000001,0.25,2.2601229071790665,1,1,1,0,1,3,0,5,10.78,13.55,0.0,ROUGE,,,,,,,,,11.46,0,,,,,,,,,10.36,0.0,10.81,0.0,11.67,0.0,10.3,0.0,,,,,,,,,,,,,,,,,,,,,,,,
M560485,Tahiri,Safae,14,15.61,15.75,18.78,13.26,13.17,8.01,7.5,13.89,10,14.55,13.96,9.86,15.43,17.76,14.34,14.12,17.27,14.6,14.25,3,0,genie_civil,4,civil,0.7099999999999991,24,15.08,15.24,14.252500000000001,14.6475,0.25,2.511219491269797,1,1,1,0,1,2,5,0,12.65,15.19,100.0,VERT,,,,,,,,,13.8,1,,,,,,,,,12.83,1.0,12.65,1.0,12.68,1.0,12.45,1.0,,,,,,,,,,,,,,,,,,,,,,,,
R953085,Filali,Tarik,1,12.69,10.93,11.04,19.13,12.05,13.43,19.35,13.67,17,12.77,7.68,13.48,14.78,13.23,12.53,12.65,12.54,12.35,13.01,3,0,genie_civil,4,civil,-1.3200000000000003,18,12.73,13.287499999999998,12.2925,12.6905,0.25,2.9442252329300866,0,1,1,0,1,2,2,3,11.75,12.37,40.0,ROUGE,,,,,,,,,12.25,1,,,,,,,,,10.61,0.0,13.83,1.0,10.99,0.0,11.58,0.0,,,,,,,,,,,,,,,,,,,,,,,,
M633590,Benkirane,Imane,8,12.19,13.03,12.9,12.71,8.81,9.38,14.49,12.01,4,17.8,10.45,16.88,12.19,18.68,13.35,17.26,12.69,14.84,13.43,3,0,genie_civil,4,civil,2.83,12,14.995000000000001,11.8625,14.549999999999999,13.474999999999998,0.25,3.208350909042768,0,1,0,0,0,1,1,4,11.48,12.31,20.0,ROUGE,,,,,,,,,12.06,1,,,,,,,,,11.57,0.0,11.89,0.0,11.06,0.0,11.4,0.0,,,,,,,,,,,,,,,,,,,,,,,,
R839485,Ouazzani,Yassine,12,19.36,16.9,15.15,8.9,19.06,8.58,19.07,15.58,3,17.93,12.5,13.57,12.71,16.03,12.12,15.18,11.47,13.95,14.77,3,0,genie_civil,4,civil,-1.6300000000000008,15,18.645,15.002499999999998,13.7025,14.2225,0.25,3.3178857056197026,0,0,1,0,1,1,5,0,13.96,11.91,100.0,VERT,,,,,,,,,12.2,1,,,,,,,,,15.53,1.0,12.92,1.0,13.34,1.0,14.05,1.0,,,,,,,,,,,,,,,,,,,,,,,,
T883041,Squalli,Ghita,13,19.23,16.5,15.8,12.86,12.61,10.74,12.18,14.77,1,14.2,11.69,12.74,13.64,14.07,16.91,14.36,10.75,13.28,14.02,3,0,genie_civil,4,civil,-1.4900000000000002,14,16.715,14.442499999999999,13.035,13.597999999999999,0.25,2.262182820001759,0,0,1,0,1,1,4,1,12.93,10.86,80.0,VERT,,,,,,,,,10.93,0,,,,,,,,,12.88,1.0,12.83,1.0,13.58,1.0,12.43,1.0,,,,,,,,,,,,,,,,,,,,,,,,
M579027,Mekouar,Driss,6,19.49,17.67,13.67,11.77,11.49,10.7,15.74,14.71,12,14.29,14.07,15.57,16.31,12.86,14.58,13.21,18.59,15.08,14.89,3,0,genie_civil,4,civil,0.3699999999999992,18,16.89,13.65,14.7025,14.281500000000001,0.25,2.5606181979271248,1,1,1,0,1,2,5,0,13.18,16.06,100.0,VERT,,,,,,,,,14.38,1,,,,,,,,,12.78,1.0,12.87,1.0,14.83,1.0,12.24,1.0,,,,,,,,,,,,,,,,,,,,,,,,
M442589,Hajji,Loubna,13,9.2,8.65,13.74,19.14,13.64,18.42,17.38,13.67,15,19.09,10.69,17.88,17.05,12.85,13.2,16.43,12.14,14.93,14.3,3,0,genie_civil,4,civil,1.2599999999999998,28,14.145,13.7925,14.617500000000001,14.287500000000001,0.25,3.950392526206872,0,1,1,0,1,2,1,4,11.15,11.64,20.0,ROUGE,,,,,,,,,11.3,0,,,,,,,,,10.08,0.0,13.12,1.0,10.15,0.0,11.25,0.0,,,,,,,,,,,,,,,,,,,,,,,,
B332120,Talhaoui,Karim,2,14.94,12.8,15.76,15.12,8.46,12.69,12.74,13.38,3,8.21,18.09,8.7,12.67,15.38,16.29,18.82,13.98,13.6,13.49,3,0,genie_civil,4,civil,0.21999999999999886,5,11.575,13.035,13.71,13.440000000000001,0.25,3.4903201063003437,0,1,0,0,0,0,5,0,13.84,13.66,100.0,VERT,,,,,,,,,13.44,1,,,,,,,,,13.22,1.0,13.38,1.0,14.8,1.0,13.97,1.0,,,,,,,,,,,,,,,,,,,,,,,,
T228093,Benjelloun,Sanae,2,15.28,15.02,14.46,13.45,16.83,10.04,8.57,13.82,2,17.37,13.93,14.33,17.16,9.91,16.68,16.86,15.66,15.16,14.49,3,0,genie_civil,4,civil,1.3399999999999999,4,16.325,14.94,13.8325,14.275500000000001,0.25,2.1958405123222304,1,1,0,0,0,0,5,0,14.39,15.02,100.0,VERT,,,,,,,,,14.59,1,,,,,,,,,14.1,1.0,14.58,1.0,14.98,1.0,13.91,1.0,,,,,,,,,,,,,,,,,,,,,,,,
M638169,Zohry,Adil,3,12.65,9.77,14.69,16.09,18.36,15.24,10.77,13.84,0,12.73,12.99,12.02,15.58,13.13,18.37,13.5,10.77,13.32,13.58,3,0,genie_civil,4,civil,-0.5199999999999996,3,12.690000000000001,14.7275,13.43,13.949,0.25,2.4262428659234514,0,0,0,0,0,0,5,0,14.42,12.14,100.0,VERT,,,,,,,,,13.05,1,,,,,,,,,14.42,1.0,15.42,1.0,12.84,1.0,14.99,1.0,,,,,,,,,,,,,,,,,,,,,,,,
R339592,Naciri,Widad,10,17.34,11.98,16.12,10.91,10.91,14.49,18.92,14.3,15,14.25,17.4,13.06,12.63,16.23,17.15,13.95,15.57,15.0,14.65,3,0,genie_civil,4,civil,0.6999999999999993,25,15.795,12.48,14.830000000000002,13.890000000000002,0.25,2.541076106254548,1,1,1,0,1,2,4,1,11.88,13.57,80.0,JAUNE,,,,,,,,,12.23,1,,,,,,,,,12.17,1.0,11.08,0.0,12.17,1.0,12.11,1.0,,,,,,,,,,,,,,,,,,,,,,,,
M220465,Errami,Saad,18,9.83,12.36,14.01,16.59,14.77,15.44,13.96,13.61,8,13.32,10.42,16.53,18.52,11.39,12.21,12.32,16.24,13.99,13.8,3,0,genie_civil,4,civil,0.3800000000000008,26,11.575,14.432499999999997,14.215,14.302,0.25,2.8633903758384824,1,1,1,0,1,2,2,3,11.31,14.23,40.0,ROUGE,,,,,,,,,12.89,1,,,,,,,,,10.44,0.0,12.86,1.0,11.04,0.0,10.89,0.0,,,,,,,,,,,,,,,,,,,,,,,,
R609253,Ouhbi,Basma,14,12.18,13.02,13.4,11.31,14.0,15.48,14.41,13.24,9,13.61,11.94,14.49,12.36,10.77,12.25,13.11,12.43,12.67,12.96,3,0,genie_civil,4,civil,-0.5700000000000003,23,12.895,12.932500000000001,12.39,12.607000000000001,0.25,1.1988216436707062,0,1,1,0,1,2,0,5,10.4,11.23,0.0,ROUGE,,,,,,,,,10.43,0,,,,,,,,,10.59,0.0,10.23,0.0,10.44,0.0,10.34,0.0,,,,,,,,,,,,,,,,,,,,,,,,
R403578,Guessous,Othmane,12,14.49,11.06,17.02,14.73,17.4,18.5,14.43,15.18,7,12.45,12.01,13.37,17.88,16.32,9.77,16.74,10.73,13.5,14.34,3,0,genie_civil,4,civil,-1.6799999999999997,19,13.469999999999999,15.0525,14.895,14.958,0.25,2.4212946491036105,0,0,1,0,1,2,5,0,13.82,11.62,100.0,VERT,,,,,,,,,12.22,1,,,,,,,,,13.92,1.0,14.97,1.0,12.43,1.0,13.97,1.0,,,,,,,,,,,,,,,,,,,,,,,,
B896788,Mernissi,Rim,14,15.51,18.03,15.04,19.33,11.04,19.14,10.95,15.68,15,12.53,13.74,12.13,14.17,13.34,10.88,12.65,13.83,12.99,14.34,3,0,genie_civil,4,civil,-2.6899999999999995,29,14.02,15.86,13.344999999999999,14.350999999999999,0.25,2.5948889935580848,0,1,1,0,1,2,2,3,12.42,12.62,40.0,ROUGE,,,,,,,,,11.81,0,,,,,,,,,11.4,0.0,12.82,1.0,13.53,1.0,11.93,0.0,,,,,,,,,,,,,,,,,,,,,,,,
M849014,Chraibi,Badr,16,15.08,13.39,15.85,19.39,13.55,14.62,11.55,14.89,12,12.11,11.23,14.47,16.87,15.09,12.74,8.18,16.44,13.58,14.23,3,0,genie_civil,4,civil,-1.3100000000000005,28,13.594999999999999,15.545000000000002,14.415000000000003,14.867,0.25,2.3608946044525863,1,1,1,0,1,2,4,1,12.56,14.76,80.0,VERT,,,,,,,,,13.64,1,,,,,,,,,11.64,0.0,14.03,1.0,12.22,1.0,12.34,1.0,,,,,,,,,,,,,,,,,,,,,,,,
F305779,Amrani,Hicham,20,10.06,8.74,14.3,16.26,13.82,14.38,12.91,12.68,3,14.62,9.91,14.53,14.02,15.95,15.77,12.24,12.62,13.6,13.14,3,0,genie_industriel,5,industriel,0.9199999999999999,23,12.34,13.28,13.6025,13.473499999999998,0.25,2.657256103577523,0,1,1,0,1,2,1,4,11.84,12.06,20.0,ROUGE,,,,,,,,,11.69,0,,,,,,,,,,,,,,,,,11.92,0.0,12.32,1.0,11.3,0.0,11.81,0.0,,,,,,,,,,,,,,,,
H875286,Bouzidi,Nadia,2,12.76,14.95,11.56,11.63,14.54,14.35,18.71,13.8,7,15.1,14.61,14.09,16.11,13.72,11.74,19.37,15.0,14.9,14.35,3,0,genie_industriel,5,industriel,1.0999999999999996,9,13.93,13.17,14.6325,14.047500000000001,0.25,1.5031969635118045,1,1,0,0,0,1,5,0,13.69,14.33,100.0,VERT,,,,,,,,,13.89,1,,,,,,,,,,,,,,,,,13.35,1.0,13.02,1.0,14.12,1.0,14.29,1.0,,,,,,,,,,,,,,,,
B982106,Chakir,Youssef,2,14.84,16.9,12.28,7.79,11.77,19.45,13.61,13.71,1,19.14,17.76,12.42,16.01,15.52,13.71,10.34,15.01,15.29,14.5,3,0,genie_industriel,5,industriel,1.5799999999999983,3,16.990000000000002,12.184999999999999,15.427499999999998,14.130499999999998,0.25,3.3838277142904305,1,1,0,0,0,0,5,0,13.5,13.83,100.0,VERT,,,,,,,,,13.04,1,,,,,,,,,,,,,,,,,12.57,1.0,12.57,1.0,15.12,1.0,13.74,1.0,,,,,,,,,,,,,,,,
F883429,Drissi,Lamia,16,13.11,12.58,11.54,19.32,17.08,9.99,10.01,13.51,0,14.09,14.85,16.15,17.2,19.22,13.66,13.63,15.25,15.57,14.54,3,0,genie_industriel,5,industriel,2.0600000000000005,16,13.6,15.129999999999999,16.855,16.165,0.25,2.719649487219508,1,1,1,0,1,2,5,0,14.54,14.76,100.0,VERT,,,,,,,,,14.43,1,,,,,,,,,,,,,,,,,14.55,1.0,14.32,1.0,13.47,1.0,15.83,1.0,,,,,,,,,,,,,,,,
H416604,El Fassi,Omar,20,18.32,17.75,13.33,9.98,15.36,9.68,14.21,14.48,1,18.69,14.14,12.91,16.81,17.09,9.38,13.45,12.39,14.55,14.52,3,0,genie_industriel,5,industriel,0.07000000000000028,21,18.505000000000003,14.105,15.2375,14.784500000000001,0.25,2.811748368700316,0,1,1,0,1,2,2,3,12.79,11.17,40.0,ROUGE,,,,,,,,,10.36,0,,,,,,,,,,,,,,,,,11.98,0.0,11.72,0.0,14.23,1.0,13.23,1.0,,,,,,,,,,,,,,,,
F468704,Fennich,Sara,0,12.08,13.02,17.81,18.28,9.06,12.65,11.88,13.71,2,18.58,16.81,10.57,15.71,16.13,16.79,15.27,13.08,15.26,14.48,3,0,genie_industriel,5,industriel,1.549999999999999,2,15.329999999999998,14.5425,14.805,14.7,0.25,3.3912149576352255,0,1,0,0,0,0,5,0,14.87,13.65,100.0,VERT,,,,,,,,,14.03,1,,,,,,,,,,,,,,,,,14.88,1.0,15.51,1.0,14.78,1.0,14.31,1.0,,,,,,,,,,,,,,,,
G666840,Gharbaoui,Karim,2,13.53,18.68,14.81,15.95,14.65,11.95,15.4,15.16,13,10.75,10.95,16.4,12.72,12.73,19.48,19.45,12.87,13.92,14.54,3,0,genie_industriel,5,industriel,-1.2400000000000002,15,12.14,16.0225,13.2,14.329,0.25,2.4887259123227423,0,1,1,0,1,1,5,0,13.16,13.0,100.0,VERT,,,,,,,,,13.09,1,,,,,,,,,,,,,,,,,13.56,1.0,13.51,1.0,12.08,1.0,13.51,1.0,,,,,,,,,,,,,,,,
M506743,Hajjami,Rim,19,15.59,17.66,13.32,10.14,18.35,12.42,14.93,14.79,6,17.37,13.73,11.17,14.84,19.25,9.02,12.52,15.82,14.45,14.62,3,0,genie_industriel,5,industriel,-0.33999999999999986,25,16.48,14.867500000000001,14.747499999999999,14.7955,0.25,3.0708912929853662,1,1,1,0,1,2,2,3,12.3,13.35,40.0,ROUGE,,,,,,,,,11.7,0,,,,,,,,,,,,,,,,,10.92,0.0,10.91,0.0,13.52,1.0,13.85,1.0,,,,,,,,,,,,,,,,
N525448,Idali,Mehdi,7,12.99,16.21,11.15,18.64,17.03,17.8,17.13,15.49,5,10.34,16.84,14.41,17.9,17.73,9.78,17.21,12.75,14.56,15.03,3,0,genie_industriel,5,industriel,-0.9299999999999997,12,11.665,15.7575,16.72,16.335,0.25,2.9431585452065305,0,1,0,0,0,1,5,0,14.0,12.74,100.0,VERT,,,,,,,,,12.74,1,,,,,,,,,,,,,,,,,14.12,1.0,13.03,1.0,12.75,1.0,16.11,1.0,,,,,,,,,,,,,,,,
T854026,Jalal,Soukaina,10,8.45,18.24,9.38,14.02,12.45,13.5,17.08,13.03,13,15.59,18.75,16.21,9.46,12.39,18.86,18.51,14.79,15.48,14.25,3,0,genie_industriel,5,industriel,2.450000000000001,23,12.02,13.5225,14.2025,13.9305,0.25,3.699030503613976,1,1,1,0,1,2,1,4,10.49,13.21,20.0,ROUGE,,,,,,,,,12.16,1,,,,,,,,,,,,,,,,,10.02,0.0,11.47,0.0,9.42,0.0,11.05,0.0,,,,,,,,,,,,,,,,
M660145,Karimi,Anas,18,12.81,12.53,9.67,12.91,18.26,16.95,12.17,13.35,19,12.68,13.44,14.91,11.19,17.23,16.39,15.41,9.81,13.63,13.49,3,0,genie_industriel,5,industriel,0.28000000000000114,37,12.745000000000001,13.342500000000001,14.192499999999999,13.8525,0.25,2.60266978312655,0,0,1,0,1,3,0,5,9.88,8.98,0.0,ROUGE,,,,,,,,,8.42,0,,,,,,,,,,,,,,,,,9.31,0.0,9.64,0.0,9.61,0.0,10.96,0.0,,,,,,,,,,,,,,,,
K763243,Lahrichi,Dounia,16,10.11,17.6,12.71,17.02,15.34,19.35,14.44,14.93,14,18.88,18.14,14.66,15.99,13.31,17.38,13.85,18.22,16.48,15.71,1,0,genie_industriel,5,industriel,1.5500000000000007,30,14.495,15.6675,15.525,15.582,0.08333333333333333,2.7399156515808616,1,1,1,0,1,2,5,0,12.75,15.84,100.0,VERT,,,,,,,,,14.25,1,,,,,,,,,,,,,,,,,12.24,1.0,12.95,1.0,12.47,1.0,13.34,1.0,,,,,,,,,,,,,,,,
B143018,Mansouri,Tarik,17,9.59,12.25,18.31,14.3,15.69,17.71,16.57,14.61,14,11.75,13.68,11.4,16.42,17.67,18.92,12.24,16.34,14.58,14.59,3,0,genie_industriel,5,industriel,-0.02999999999999936,31,10.67,15.1375,14.7925,14.9305,0.25,2.890033448480023,1,1,1,0,1,3,0,5,10.65,13.44,0.0,ROUGE,,,,,,,,,11.5,0,,,,,,,,,,,,,,,,,10.51,0.0,9.92,0.0,10.54,0.0,11.62,0.0,,,,,,,,,,,,,,,,
R637876,Nakhli,Houda,12,11.09,16.52,11.74,16.4,17.4,12.16,12.68,14.02,10,14.85,13.74,19.5,11.37,15.13,16.77,15.15,16.43,15.42,14.72,3,0,genie_industriel,5,industriel,1.4000000000000004,22,12.969999999999999,15.514999999999999,14.935,15.167,0.25,2.7985956795824896,1,1,1,0,1,2,4,1,12.38,14.96,80.0,VERT,,,,,,,,,13.98,1,,,,,,,,,,,,,,,,,12.16,1.0,13.24,1.0,11.18,0.0,12.95,1.0,,,,,,,,,,,,,,,,
K698053,Oukili,Bilal,6,10.04,15.71,10.77,15.55,17.07,16.95,14.07,14.0,2,13.15,13.66,15.27,7.86,15.09,13.36,12.25,13.13,13.08,13.54,3,0,genie_industriel,5,industriel,-0.9199999999999999,8,11.594999999999999,14.775,12.969999999999999,13.692,0.25,2.9590878849927917,0,1,0,0,0,1,4,1,12.84,13.44,80.0,VERT,,,,,,,,,13.65,1,,,,,,,,,,,,,,,,,12.06,1.0,13.64,1.0,11.54,0.0,14.1,1.0,,,,,,,,,,,,,,,,
G978608,Qarqouri,Hafsa,14,14.63,11.74,14.3,17.64,13.97,13.52,16.97,14.53,7,11.25,18.0,15.76,10.45,13.52,18.85,14.1,16.0,14.7,14.61,3,0,genie_industriel,5,industriel,0.16999999999999993,21,12.940000000000001,14.4125,14.432499999999997,14.424499999999998,0.25,2.542510570282846,1,1,1,0,1,2,3,2,11.85,14.58,60.0,JAUNE,,,,,,,,,13.63,1,,,,,,,,,,,,,,,,,12.38,1.0,12.84,1.0,10.87,0.0,11.33,0.0,,,,,,,,,,,,,,,,
R155035,Rachidi,Adil,5,12.14,14.37,16.5,14.46,19.26,17.41,10.7,14.97,6,11.51,10.78,15.85,12.4,13.95,14.28,12.92,18.8,13.87,14.42,3,0,genie_industriel,5,industriel,-1.1000000000000014,11,11.825,16.1475,13.245000000000001,14.406,0.25,2.584792276201535,1,1,0,0,0,1,5,0,13.24,17.07,100.0,VERT,,,,,,,,,15.92,1,,,,,,,,,,,,,,,,,13.12,1.0,13.24,1.0,12.85,1.0,13.74,1.0,,,,,,,,,,,,,,,,
M342986,Sabir,Meryem,16,10.72,14.36,12.36,14.11,14.1,19.0,12.19,13.57,12,16.53,14.82,10.31,13.46,10.0,13.9,12.94,12.11,13.04,13.3,3,0,genie_industriel,5,industriel,-0.5300000000000011,28,13.625,13.7325,12.1475,12.781500000000001,0.25,2.161825617389155,0,1,1,0,1,2,0,5,10.98,11.04,0.0,ROUGE,,,,,,,,,10.33,0,,,,,,,,,,,,,,,,,10.42,0.0,10.93,0.0,11.44,0.0,11.13,0.0,,,,,,,,,,,,,,,,
F626354,Taoufiq,Zakaria,8,12.47,14.48,18.12,16.18,14.55,7.32,9.86,13.79,16,15.43,17.76,14.34,7.26,16.56,17.27,14.2,16.54,15.0,14.39,3,0,genie_industriel,5,industriel,1.2100000000000009,24,13.95,15.8325,13.98,14.721,0.25,3.122813012511494,1,1,1,0,1,2,2,3,11.87,14.91,40.0,ROUGE,,,,,,,,,13.82,1,,,,,,,,,,,,,,,,,11.47,0.0,13.15,1.0,11.27,0.0,11.59,0.0,,,,,,,,,,,,,,,,
M304565,Uchich,Latifa,17,10.93,11.04,19.13,12.05,13.43,19.35,15.22,14.18,1,13.78,12.17,13.69,11.52,16.46,14.82,16.5,14.79,14.06,14.12,3,0,genie_industriel,5,industriel,-0.11999999999999922,18,12.355,13.9125,13.459999999999999,13.640999999999998,0.25,2.6026098012913454,1,1,1,0,1,2,5,0,12.34,13.99,100.0,VERT,,,,,,,,,13.45,1,,,,,,,,,,,,,,,,,12.23,1.0,12.74,1.0,12.4,1.0,12.01,1.0,,,,,,,,,,,,,,,,
R901764,Vidal,Hamza,16,19.25,12.97,13.89,11.79,18.52,13.35,17.99,15.37,8,17.8,10.45,16.88,12.19,18.68,13.35,17.26,10.54,14.52,14.95,3,0,genie_industriel,5,industriel,-0.8499999999999996,24,18.525,14.2925,14.549999999999999,14.447,0.25,3.3172907285581372,0,0,1,0,1,2,4,1,13.05,10.46,80.0,VERT,,,,,,,,,10.41,0,,,,,,,,,,,,,,,,,12.41,1.0,13.08,1.0,13.89,1.0,12.83,1.0,,,,,,,,,,,,,,,,
R530335,Wahbi,Imane,12,13.19,7.46,13.28,14.38,17.87,17.93,12.5,13.45,12,13.57,12.71,16.03,12.12,15.18,8.93,12.87,19.12,14.17,13.81,2,0,genie_industriel,5,industriel,0.7200000000000006,24,13.379999999999999,13.247499999999999,14.01,13.704999999999998,0.16666666666666666,2.7526086616961094,1,1,1,0,1,2,2,3,11.84,16.38,40.0,ROUGE,,,,,,,,,14.56,1,,,,,,,,,,,,,,,,,11.78,0.0,12.21,1.0,11.76,0.0,11.63,0.0,,,,,,,,,,,,,,,,
H420511,Xouri,Driss,13,12.55,15.68,18.29,12.8,16.95,10.67,11.69,14.44,3,12.52,13.64,14.07,16.91,9.12,14.75,17.89,14.75,14.03,14.23,3,0,genie_industriel,5,industriel,-0.41000000000000014,16,12.535,15.93,13.435,14.433,0.25,2.7373712044790546,1,1,1,0,1,2,5,0,13.42,14.01,100.0,VERT,,,,,,,,,13.52,1,,,,,,,,,,,,,,,,,13.68,1.0,12.86,1.0,13.98,1.0,13.16,1.0,,,,,,,,,,,,,,,,
T969745,Yahyaoui,Ghita,7,14.19,19.41,10.69,19.22,15.23,10.43,14.07,14.92,12,15.57,16.31,13.86,14.58,13.21,18.3,10.58,16.99,15.04,14.98,3,0,genie_industriel,5,industriel,0.11999999999999922,19,14.879999999999999,16.1375,14.49,15.149,0.25,2.6404420926133647,1,1,1,0,1,2,5,0,13.82,15.69,100.0,VERT,,,,,,,,,14.82,1,,,,,,,,,,,,,,,,,13.56,1.0,13.95,1.0,13.04,1.0,14.72,1.0,,,,,,,,,,,,,,,,
K212332,Zaidane,Saad,9,14.06,16.83,17.96,11.57,13.27,10.41,12.75,14.24,10,18.43,18.8,19.09,10.69,17.88,17.05,12.85,14.29,16.38,15.31,3,0,genie_industriel,5,industriel,2.139999999999999,19,16.245,14.907499999999999,16.615,15.931999999999999,0.25,3.165679846239807,1,1,0,0,0,2,5,0,13.69,14.05,100.0,VERT,,,,,,,,,13.89,1,,,,,,,,,,,,,,,,,13.37,1.0,14.85,1.0,13.62,1.0,12.91,1.0,,,,,,,,,,,,,,,,
M425608,Abidi,Loubna,20,12.1,8.75,18.83,10.8,13.16,13.3,18.09,13.39,14,12.39,12.67,15.38,16.29,18.82,12.24,16.28,8.93,13.91,13.65,3,0,genie_industriel,5,industriel,0.5199999999999996,34,12.245000000000001,12.884999999999998,15.790000000000001,14.628,0.25,3.335387533705791,0,0,1,0,1,3,0,5,10.64,8.74,0.0,ROUGE,,,,,,,,,8.62,0,,,,,,,,,,,,,,,,,10.94,0.0,10.34,0.0,10.79,0.0,10.49,0.0,,,,,,,,,,,,,,,,
T479892,Benkiran,Ayoub,6,19.14,14.95,11.17,19.36,16.84,14.96,17.37,16.14,20,13.93,14.33,17.16,9.91,16.68,16.86,14.45,10.47,14.11,15.12,3,0,genie_industriel,5,industriel,-2.030000000000001,26,16.535,15.579999999999998,14.520000000000001,14.943999999999999,0.25,3.126801880516257,0,0,1,0,1,2,4,1,13.04,10.93,80.0,VERT,,,,,,,,,11.24,0,,,,,,,,,,,,,,,,,13.06,1.0,13.96,1.0,12.09,1.0,13.06,1.0,,,,,,,,,,,,,,,,
P312942,Chraibi,Sanae,16,19.05,14.98,12.99,12.02,15.58,13.13,18.37,15.17,9,13.42,8.01,14.6,13.64,10.44,14.91,13.85,11.06,12.3,13.73,3,0,genie_industriel,5,industriel,-2.869999999999999,25,16.235,13.892499999999998,11.6725,12.5605,0.25,2.9907674600342973,0,0,1,0,1,2,2,3,12.01,10.57,40.0,ROUGE,,,,,,,,,10.25,0,,,,,,,,,,,,,,,,,12.15,1.0,11.81,0.0,12.76,1.0,11.31,0.0,,,,,,,,,,,,,,,,
R590719,Daoui,Khalid,4,17.4,14.91,13.84,16.23,17.15,13.95,14.33,15.49,15,14.02,11.12,8.53,11.42,15.32,16.38,17.85,16.01,13.47,14.48,3,0,genie_industriel,5,industriel,-2.0199999999999996,19,15.709999999999999,15.5325,11.5975,13.171500000000002,0.25,2.8659541750232735,1,1,1,0,1,2,5,0,12.97,14.4,100.0,VERT,,,,,,,,,13.32,1,,,,,,,,,,,,,,,,,12.19,1.0,12.44,1.0,13.51,1.0,13.74,1.0,,,,,,,,,,,,,,,,
H983189,Essafi,Widad,8,15.78,12.25,11.25,14.19,17.87,14.08,12.01,13.89,0,13.75,14.91,14.35,16.33,12.35,12.25,11.26,11.63,13.48,13.69,3,0,genie_industriel,5,industriel,-0.41000000000000014,8,14.765,13.89,14.485,14.247,0.25,2.029033979234672,0,0,0,0,0,1,5,0,14.53,12.15,100.0,VERT,,,,,,,,,12.5,1,,,,,,,,,,,,,,,,,14.48,1.0,13.84,1.0,15.04,1.0,14.75,1.0,,,,,,,,,,,,,,,,
H331805,Fathi,Othmane,19,10.77,13.77,14.77,13.76,11.1,12.22,16.34,13.16,1,14.6,11.75,15.8,13.25,17.42,17.08,12.15,17.77,15.0,14.08,3,0,genie_industriel,5,industriel,1.8399999999999999,20,12.684999999999999,13.35,14.555,14.072999999999999,0.25,2.096602807718557,1,1,1,0,1,2,4,1,12.61,16.17,80.0,VERT,,,,,,,,,15.11,1,,,,,,,,,,,,,,,,,12.67,1.0,13.15,1.0,11.86,0.0,12.76,1.0,,,,,,,,,,,,,,,,
B680936,Ghanem,Basma,5,13.53,13.37,18.32,11.37,16.09,17.24,17.19,15.15,2,9.95,14.29,9.47,14.53,16.5,15.19,14.3,16.66,13.66,14.41,3,0,genie_industriel,5,industriel,-1.4900000000000002,7,11.739999999999998,14.787499999999998,13.6975,14.133499999999998,0.25,2.8565316965392373,1,1,0,0,0,1,5,0,13.49,15.47,100.0,VERT,,,,,,,,,14.68,1,,,,,,,,,,,,,,,,,13.17,1.0,12.01,1.0,14.18,1.0,14.59,1.0,,,,,,,,,,,,,,,,
H561608,Hamdi,Reda,1,15.06,19.22,8.13,14.43,11.81,14.25,18.93,14.36,11,16.24,13.41,18.36,14.15,9.35,14.56,13.27,18.97,15.07,14.71,3,0,genie_industriel,5,industriel,0.7100000000000009,12,15.649999999999999,13.3975,13.8175,13.6495,0.25,3.5563345674381583,1,1,1,0,1,1,5,0,12.88,16.92,100.0,VERT,,,,,,,,,15.55,1,,,,,,,,,,,,,,,,,13.16,1.0,13.63,1.0,12.35,1.0,12.38,1.0,,,,,,,,,,,,,,,,
R416396,Iraki,Fatima,20,11.12,13.97,11.83,13.97,17.64,19.06,14.53,14.2,20,13.72,14.16,15.3,18.46,10.88,15.2,15.28,12.35,14.31,14.25,3,0,genie_industriel,5,industriel,0.11000000000000121,40,12.42,14.352500000000001,14.700000000000001,14.561,0.25,2.5290413203425524,0,1,1,0,1,3,0,5,10.81,10.83,0.0,ROUGE,,,,,,,,,9.82,0,,,,,,,,,,,,,,,,,10.82,0.0,10.21,0.0,10.9,0.0,11.32,0.0,,,,,,,,,,,,,,,,
H967467,Jabri,Noureddine,14,15.45,12.92,12.55,10.56,16.36,12.61,13.68,13.49,1,10.87,17.11,12.86,17.44,11.6,18.84,19.31,12.77,14.67,14.08,3,0,genie_industriel,5,industriel,1.1799999999999997,15,13.16,13.0975,14.7525,14.0905,0.25,2.5952298121318234,0,1,1,0,1,1,3,2,12.51,11.95,60.0,JAUNE,,,,,,,,,11.4,0,,,,,,,,,,,,,,,,,12.65,1.0,11.13,0.0,13.38,1.0,12.88,1.0,,,,,,,,,,,,,,,,
M298717,Alaoui,Yassine,0,12.8,14.79,11.86,11.34,15.59,13.49,14.14,13.37,14,11.2,12.95,14.87,19.0,16.99,18.58,17.27,13.03,15.05,14.21,3,0,isic,1,isic,1.6800000000000015,14,12.0,13.395,15.9525,14.9295,0.25,2.5753897223958595,0,1,1,0,1,1,5,1,13.65,13.12,83.3,VERT,,,,,,,,,13.18,1,,,,,,,,,,,,,,,,,,,,,,,,,14.24,1.0,14.27,1.0,11.44,0.0,13.63,1.0,14.65,1.0,,,,,,
T293966,Benchekroun,Sara,16,15.48,14.74,8.12,15.7,13.61,14.04,12.5,13.4,4,10.35,14.26,17.86,9.08,15.62,18.36,16.49,12.94,14.13,13.77,3,0,isic,1,isic,0.7300000000000004,20,12.915,13.0425,14.204999999999998,13.739999999999998,0.25,3.2109493231061053,0,1,1,0,1,2,5,1,12.82,12.6,83.3,VERT,,,,,,,,,12.37,1,,,,,,,,,,,,,,,,,,,,,,,,,14.52,1.0,13.88,1.0,12.08,1.0,13.6,1.0,10.01,0.0,,,,,,
K652255,Chouiref,Amine,5,17.59,15.67,13.2,12.09,13.49,15.53,14.24,14.62,9,12.25,7.21,11.17,7.21,19.24,17.39,15.59,12.08,12.3,13.46,3,0,isic,1,isic,-2.3199999999999985,14,14.92,13.612499999999999,11.2075,12.1695,0.25,3.9317081388232373,0,1,0,0,0,1,3,3,12.79,11.3,50.0,JAUNE,,,,,,,,,10.78,0,,,,,,,,,,,,,,,,,,,,,,,,,13.78,1.0,15.36,1.0,11.95,0.0,14.36,1.0,8.52,0.0,,,,,,
K993891,Dahbi,Rim,6,18.67,10.88,10.11,14.12,13.0,12.45,12.45,13.15,12,16.6,14.27,14.35,13.25,10.98,12.63,16.91,15.44,14.38,13.77,3,0,isic,1,isic,1.2300000000000004,18,17.635,12.0275,13.212499999999999,12.738499999999998,0.25,2.6437937808300327,1,1,1,0,1,2,3,3,12.27,14.59,50.0,JAUNE,,,,,,,,,14.02,1,,,,,,,,,,,,,,,,,,,,,,,,,11.39,0.0,10.75,0.0,14.74,1.0,11.0,0.0,13.45,1.0,,,,,,
T819352,El Harti,Karim,12,18.63,12.95,16.71,10.74,10.68,13.7,19.43,14.71,7,13.09,17.71,13.37,14.38,11.26,19.4,13.05,13.83,14.41,14.56,3,0,isic,1,isic,-0.3000000000000007,19,15.86,12.77,14.18,13.616,0.25,2.8703766690492425,0,1,1,0,1,2,3,3,12.54,13.46,50.0,JAUNE,,,,,,,,,13.22,1,,,,,,,,,,,,,,,,,,,,,,,,,11.78,0.0,11.12,0.0,14.39,1.0,11.46,0.0,13.97,1.0,,,,,,
G242089,Fkihi,Imane,5,16.59,9.74,17.52,15.11,12.41,13.15,17.47,14.52,15,11.42,12.32,14.79,13.92,15.54,14.49,18.7,11.65,13.77,14.14,3,0,isic,1,isic,-0.75,20,14.004999999999999,13.695,14.1425,13.9635,0.25,2.436897845850562,0,0,1,0,1,2,5,1,13.45,11.91,83.3,VERT,,,,,,,,,12.09,1,,,,,,,,,,,,,,,,,,,,,,,,,14.2,1.0,14.36,1.0,11.84,0.0,14.41,1.0,12.43,1.0,,,,,,
R228313,Guerrouj,Mehdi,7,9.52,13.57,17.22,16.83,9.07,15.44,15.39,13.71,7,12.16,16.29,17.31,15.15,13.02,9.39,12.99,18.36,14.72,14.21,3,0,isic,1,isic,1.0099999999999998,14,10.84,14.1725,15.442499999999999,14.9345,0.25,3.06964058699603,1,1,0,0,0,1,5,1,13.19,16.54,83.3,VERT,,,,,,,,,15.33,1,,,,,,,,,,,,,,,,,,,,,,,,,14.16,1.0,13.32,1.0,11.5,0.0,13.91,1.0,13.05,1.0,,,,,,
H730938,Haddad,Dounia,13,14.2,11.91,14.9,13.15,14.45,12.15,14.7,13.66,5,14.84,12.75,11.95,10.73,14.42,18.6,15.17,17.48,14.32,13.99,3,0,isic,1,isic,0.6600000000000001,18,14.52,13.6025,12.4625,12.9185,0.25,1.4527368806650585,1,1,1,0,1,2,5,1,12.38,15.28,83.3,VERT,,,,,,,,,13.81,1,,,,,,,,,,,,,,,,,,,,,,,,,12.31,1.0,12.88,1.0,12.76,1.0,12.74,1.0,11.21,0.0,,,,,,
H563240,Ibnouzahir,Tarik,18,14.82,10.8,13.68,13.03,12.82,13.5,19.0,13.7,19,17.64,16.28,13.08,19.12,10.4,12.69,12.79,17.06,15.14,14.42,2,0,isic,1,isic,1.4400000000000013,37,16.23,12.5825,14.72,13.865000000000002,0.16666666666666666,2.8193381808108406,1,1,1,0,1,3,2,4,10.34,14.23,33.3,ROUGE,,,,,,,,,12.34,1,,,,,,,,,,,,,,,,,,,,,,,,,8.97,0.0,8.56,0.0,11.84,0.0,8.89,0.0,13.43,1.0,,,,,,
M439403,Jamal,Houda,3,15.74,15.91,13.54,14.39,11.52,17.44,14.97,14.72,20,10.36,18.44,13.77,18.96,13.67,12.67,12.1,11.02,13.91,14.32,3,0,isic,1,isic,-0.8100000000000005,23,13.05,13.84,16.21,15.262,0.25,2.7273796948719853,0,0,1,0,1,2,2,4,12.32,11.22,33.3,ROUGE,,,,,,,,,11.36,0,,,,,,,,,,,,,,,,,,,,,,,,,11.64,0.0,11.69,0.0,12.13,1.0,11.72,0.0,14.44,1.0,,,,,,
M246265,Kettani,Bilal,14,13.3,12.72,13.13,11.17,14.49,17.5,11.27,13.27,13,12.57,17.6,18.41,15.41,14.49,10.68,18.15,12.78,15.08,14.18,3,0,isic,1,isic,1.8100000000000005,27,12.935,12.877500000000001,16.4775,15.037500000000001,0.25,2.278720157359292,0,1,1,0,1,2,5,1,12.57,12.4,83.3,VERT,,,,,,,,,12.14,1,,,,,,,,,,,,,,,,,,,,,,,,,13.67,1.0,12.32,1.0,11.82,0.0,12.25,1.0,12.78,1.0,,,,,,
B271794,Laktib,Sanae,13,12.67,13.29,10.28,10.22,8.49,13.96,14.21,11.74,14,15.9,14.62,12.2,15.14,12.54,13.23,12.53,17.16,14.34,13.04,3,0,isic,1,isic,2.5999999999999996,27,14.285,10.57,13.625,12.402999999999999,0.25,2.3561562389243678,1,1,1,0,1,2,3,3,11.08,14.74,50.0,JAUNE,,,,,,,,,13.12,1,,,,,,,,,,,,,,,,,,,,,,,,,10.32,0.0,10.19,0.0,12.27,1.0,9.96,0.0,12.67,1.0,,,,,,
F586996,Mouhib,Omar,16,17.8,17.8,14.7,12.21,17.52,14.7,12.45,15.58,10,14.1,11.39,14.27,15.61,11.59,11.94,13.25,12.41,13.09,14.34,3,0,isic,1,isic,-2.49,26,15.95,15.557500000000001,13.215,14.152000000000001,0.25,2.4804500039755335,0,1,1,0,1,2,2,4,11.56,12.04,33.3,ROUGE,,,,,,,,,11.79,0,,,,,,,,,,,,,,,,,,,,,,,,,11.16,0.0,10.51,0.0,12.7,1.0,10.79,0.0,12.65,1.0,,,,,,
T163254,Naimi,Ghita,20,15.85,11.3,13.57,14.43,17.69,14.63,17.96,14.82,17,15.78,14.58,16.2,14.25,8.41,8.01,12.48,15.04,13.53,14.18,3,0,isic,1,isic,-1.290000000000001,37,15.815,14.247499999999999,13.36,13.715,0.25,2.665196261274413,1,1,1,0,1,3,0,6,9.69,12.86,0.0,ROUGE,,,,,,,,,11.4,0,,,,,,,,,,,,,,,,,,,,,,,,,9.34,0.0,8.02,0.0,11.28,0.0,8.75,0.0,11.06,0.0,,,,,,
H359477,Ouchen,Ayoub,13,14.16,12.6,9.96,10.72,13.24,15.85,14.4,12.77,12,16.23,12.41,17.2,11.58,14.04,14.58,13.36,12.54,14.06,13.41,3,0,isic,1,isic,1.290000000000001,25,15.195,11.63,13.8075,12.936499999999999,0.25,2.286779394694643,0,1,1,0,1,2,2,4,11.77,11.84,33.3,ROUGE,,,,,,,,,11.38,0,,,,,,,,,,,,,,,,,,,,,,,,,12.74,1.0,11.59,0.0,12.24,1.0,11.36,0.0,10.91,0.0,,,,,,
G308594,Pirot,Hafsa,11,14.67,15.4,8.11,17.91,12.37,8.49,19.43,13.65,15,11.77,16.73,18.46,15.84,15.06,16.68,12.73,12.89,15.03,14.34,3,0,isic,1,isic,1.379999999999999,26,13.219999999999999,13.4475,16.5225,15.2925,0.25,3.124781947948084,0,1,1,0,1,2,5,1,12.76,12.58,83.3,VERT,,,,,,,,,12.38,1,,,,,,,,,,,,,,,,,,,,,,,,,13.43,1.0,12.8,1.0,11.97,0.0,12.73,1.0,12.86,1.0,,,,,,
R285318,Qasmi,Reda,8,14.58,14.21,9.28,16.22,8.41,19.34,14.77,13.49,3,14.47,10.1,18.7,18.85,15.56,19.25,16.56,14.4,15.69,14.59,3,0,isic,1,isic,2.1999999999999993,11,14.525,12.030000000000001,15.8025,14.293500000000002,0.25,3.686280269081859,1,1,0,0,0,1,6,0,14.06,14.56,100.0,VERT,,,,,,,,,14.66,1,,,,,,,,,,,,,,,,,,,,,,,,,14.96,1.0,14.12,1.0,12.42,1.0,13.97,1.0,14.85,1.0,,,,,,
K346716,Rahali,Loubna,3,16.15,11.06,9.03,9.13,12.8,13.99,13.4,12.11,9,15.38,13.93,15.34,18.89,12.36,16.8,13.71,14.22,15.03,13.57,3,0,isic,1,isic,2.92,12,15.765,10.504999999999999,15.129999999999999,13.28,0.25,3.160766608839627,1,1,0,0,0,1,4,2,12.71,14.2,66.7,JAUNE,,,,,,,,,14.18,1,,,,,,,,,,,,,,,,,,,,,,,,,12.25,1.0,11.07,0.0,13.61,1.0,10.86,0.0,15.76,1.0,,,,,,
N575680,Sahraoui,Adil,14,18.47,10.11,9.77,19.2,13.75,12.46,18.91,14.4,1,18.93,12.68,11.66,13.37,12.96,15.05,12.22,18.48,14.58,14.49,3,0,isic,1,isic,0.17999999999999972,15,18.7,13.2075,12.6675,12.883500000000002,0.25,3.543833454827633,1,1,1,0,1,1,5,1,12.82,16.45,83.3,VERT,,,,,,,,,15.1,1,,,,,,,,,,,,,,,,,,,,,,,,,11.07,0.0,12.08,1.0,15.12,1.0,12.18,1.0,13.63,1.0,,,,,,
N126251,Tabet,Meryem,4,14.77,13.58,14.59,12.17,11.21,14.91,17.11,13.94,6,17.11,11.0,13.36,15.16,12.5,11.85,16.25,14.52,13.97,13.96,3,0,isic,1,isic,0.030000000000001137,10,15.94,12.887500000000001,13.004999999999999,12.958,0.25,1.9107139445185868,1,1,0,0,0,1,6,0,13.67,14.48,100.0,VERT,,,,,,,,,14.45,1,,,,,,,,,,,,,,,,,,,,,,,,,13.11,1.0,12.81,1.0,14.71,1.0,12.95,1.0,14.77,1.0,,,,,,
G839621,Uchida,Hamza,4,15.63,15.36,13.03,12.94,11.36,19.5,17.13,14.73,13,14.83,13.77,19.19,11.26,12.99,11.87,13.38,12.34,13.92,14.32,3,0,isic,1,isic,-0.8100000000000005,17,15.23,13.1725,14.3025,13.8505,0.25,2.3507266016182227,0,1,1,0,1,2,5,1,13.13,12.52,83.3,VERT,,,,,,,,,12.64,1,,,,,,,,,,,,,,,,,,,,,,,,,14.49,1.0,12.71,1.0,13.69,1.0,12.96,1.0,11.78,0.0,,,,,,
M636650,Vanhoot,Widad,14,12.64,12.4,10.74,13.02,12.74,10.27,15.73,12.41,13,15.87,9.31,13.96,16.05,15.92,14.46,18.67,17.83,15.06,13.73,3,0,isic,1,isic,2.6500000000000004,27,14.254999999999999,12.225,13.810000000000002,13.176000000000002,0.25,2.2500975287504517,1,1,1,0,1,2,5,1,12.09,15.43,83.3,VERT,,,,,,,,,13.83,1,,,,,,,,,,,,,,,,,,,,,,,,,12.3,1.0,12.55,1.0,11.16,0.0,12.09,1.0,12.34,1.0,,,,,,
M594875,Wahid,Khalid,8,14.73,13.54,18.87,14.28,13.18,11.13,18.52,14.98,12,11.89,15.74,14.03,16.5,10.54,16.52,17.99,14.72,14.52,14.75,3,0,isic,1,isic,-0.46000000000000085,20,13.31,14.9675,14.202499999999999,14.5085,0.25,2.352903643491496,1,1,1,0,1,2,4,2,12.44,14.11,66.7,JAUNE,,,,,,,,,13.71,1,,,,,,,,,,,,,,,,,,,,,,,,,11.98,0.0,11.36,0.0,12.62,1.0,12.12,1.0,14.13,1.0,,,,,,
N170917,Xaoui,Fatima,13,11.94,13.42,13.1,12.22,14.16,12.94,13.43,13.0,4,11.54,14.06,17.86,15.19,15.88,10.3,15.02,13.33,14.24,13.62,3,0,isic,1,isic,1.2400000000000002,17,11.739999999999998,13.225000000000001,15.7475,14.7385,0.25,1.956459671049839,0,1,1,0,1,2,5,1,13.52,13.22,83.3,VERT,,,,,,,,,13.15,1,,,,,,,,,,,,,,,,,,,,,,,,,15.13,1.0,14.2,1.0,11.43,0.0,13.95,1.0,12.87,1.0,,,,,,
G254042,Yahia,Zakaria,14,12.21,14.82,18.99,18.16,17.77,14.98,13.5,15.84,14,13.58,18.19,11.87,15.55,12.96,16.24,8.87,10.3,13.5,14.67,3,0,isic,1,isic,-2.34,28,12.895,17.435,14.6425,15.7595,0.25,2.7114489771256167,0,0,1,0,1,2,3,3,12.15,10.07,50.0,JAUNE,,,,,,,,,9.92,0,,,,,,,,,,,,,,,,,,,,,,,,,11.18,0.0,11.95,0.0,12.21,1.0,12.44,1.0,12.98,1.0,,,,,,
M114328,Zaki,Basma,11,12.25,16.22,19.46,17.07,15.93,13.98,13.41,15.65,15,10.44,11.89,13.45,13.64,12.72,13.22,11.25,13.19,12.46,14.05,3,0,isic,1,isic,-3.1899999999999995,26,11.344999999999999,17.17,12.925,14.623000000000001,0.25,2.7730049885758707,0,1,1,0,1,2,1,5,11.4,12.01,16.7,ROUGE,,,,,,,,,11.23,0,,,,,,,,,,,,,,,,,,,,,,,,,11.72,0.0,11.94,0.0,10.12,0.0,12.49,1.0,10.73,0.0,,,,,,
H232387,Amzil,Othmane,15,16.04,13.8,14.92,18.63,16.07,13.46,13.96,15.34,13,14.37,12.25,13.51,11.37,12.63,11.57,13.39,11.75,12.66,14.0,3,0,isic,1,isic,-2.6799999999999997,28,15.204999999999998,15.854999999999999,12.44,13.806,0.25,2.1528866925853554,0,0,1,0,1,2,2,4,11.56,11.07,33.3,ROUGE,,,,,,,,,10.61,0,,,,,,,,,,,,,,,,,,,,,,,,,11.29,0.0,11.62,0.0,12.16,1.0,12.04,1.0,10.68,0.0,,,,,,
M426232,Benjira,Nadia,3,14.0,12.95,10.28,17.66,18.28,19.34,19.28,15.37,17,13.06,12.34,7.62,14.45,13.29,11.01,13.73,17.95,12.94,14.15,3,0,isic,1,isic,-2.4299999999999997,20,13.530000000000001,14.7925,11.924999999999999,13.072,0.25,3.1273099906753377,1,1,1,0,1,2,3,3,11.52,15.51,50.0,JAUNE,,,,,,,,,13.88,1,,,,,,,,,,,,,,,,,,,,,,,,,9.6,0.0,11.67,0.0,12.1,1.0,11.51,0.0,12.7,1.0,,,,,,
K239321,Cherif,Saad,9,12.7,14.07,19.31,16.34,14.1,13.78,13.63,14.98,20,11.37,12.51,10.05,13.41,11.67,15.02,15.14,16.64,13.05,14.02,3,0,isic,1,isic,-1.9299999999999997,29,12.035,15.955,11.91,13.528,0.25,2.66447847721755,1,1,1,0,1,2,1,5,10.74,14.05,16.7,ROUGE,,,,,,,,,12.32,1,,,,,,,,,,,,,,,,,,,,,,,,,10.03,0.0,10.9,0.0,10.45,0.0,11.42,0.0,10.9,0.0,,,,,,
F681036,Daoufi,Latifa,3,12.73,13.81,11.49,13.2,12.64,15.37,15.2,13.28,8,13.5,17.6,10.79,12.2,14.98,18.5,18.23,11.35,14.27,13.77,3,0,isic,1,isic,0.9900000000000002,11,13.115,12.785,13.892500000000002,13.449500000000002,0.25,1.9197465110442753,0,0,0,0,0,1,4,2,12.43,10.92,66.7,JAUNE,,,,,,,,,10.63,0,,,,,,,,,,,,,,,,,,,,,,,,,11.71,0.0,12.73,1.0,13.09,1.0,12.29,1.0,12.32,1.0,,,,,,
N189423,Ennaciri,Driss,7,15.5,14.02,19.25,18.5,15.53,13.36,17.84,16.33,7,18.52,12.18,11.55,17.25,11.23,11.35,16.11,13.58,13.98,15.15,3,0,isic,1,isic,-2.349999999999998,14,17.009999999999998,16.825,13.052500000000002,14.561500000000002,0.25,3.019904523877093,0,1,0,0,0,1,4,2,13.11,13.18,66.7,JAUNE,,,,,,,,,12.92,1,,,,,,,,,,,,,,,,,,,,,,,,,11.28,0.0,11.93,0.0,14.51,1.0,12.73,1.0,15.12,1.0,,,,,,
M399693,Fassi,Soukaina,0,18.26,18.18,17.58,19.32,14.17,16.73,11.11,16.81,0,14.8,18.05,14.81,15.48,10.46,16.13,18.56,14.35,15.23,16.02,2,0,isic,1,isic,-1.5799999999999983,0,16.53,17.3125,14.700000000000001,15.745000000000001,0.16666666666666666,2.6796577310461784,1,1,0,0,0,0,6,0,14.57,14.77,100.0,VERT,,,,,,,,,15.05,1,,,,,,,,,,,,,,,,,,,,,,,,,13.18,1.0,12.82,1.0,16.86,1.0,13.9,1.0,16.1,1.0,,,,,,
T841665,Ghali,Anas,15,13.02,10.18,13.18,18.06,10.69,11.15,12.98,12.73,12,18.97,15.71,13.67,12.77,12.98,15.2,14.31,16.1,15.11,13.92,3,0,isic,1,isic,2.379999999999999,27,15.995,13.0275,13.782500000000002,13.480500000000001,0.25,2.865364239014339,1,1,1,0,1,2,3,3,12.06,13.97,50.0,JAUNE,,,,,,,,,12.55,1,,,,,,,,,,,,,,,,,,,,,,,,,11.31,0.0,11.61,0.0,13.28,1.0,11.88,0.0,12.23,1.0,,,,,,
R555717,Harrak,Zineb,1,14.95,13.66,13.17,18.69,17.96,18.44,16.89,15.91,10,9.89,15.5,13.32,11.09,12.69,18.89,10.5,14.52,13.22,14.57,3,0,isic,1,isic,-2.6899999999999995,11,12.42,15.87,13.149999999999999,14.238,0.25,2.7706549566643788,1,1,0,0,0,1,3,3,12.03,13.42,50.0,JAUNE,,,,,,,,,12.68,1,,,,,,,,,,,,,,,,,,,,,,,,,11.98,0.0,12.41,1.0,11.92,0.0,12.77,1.0,11.08,0.0,,,,,,
T636960,Idmansour,Nabil,12,11.05,12.7,12.02,13.33,18.35,14.48,13.75,13.46,8,13.64,10.01,14.29,11.98,13.26,16.94,13.25,15.38,13.47,13.46,3,0,isic,1,isic,0.009999999999999787,20,12.345,14.1,12.385,13.071,0.25,2.2525642178538563,1,1,1,0,1,2,4,2,11.77,13.96,66.7,JAUNE,,,,,,,,,13.01,1,,,,,,,,,,,,,,,,,,,,,,,,,12.49,1.0,12.21,1.0,11.05,0.0,12.19,1.0,10.89,0.0,,,,,,
G565808,Aboudi,Yassine,7,19.09,17.3,12.7,16.29,18.98,12.48,11.57,15.82,18,12.03,11.26,13.74,10.68,12.99,17.87,12.3,17.02,13.4,14.61,3,0,ite_genie_info,6,ite,-2.42,25,15.559999999999999,16.3175,12.1675,13.8275,0.25,3.1529675615908968,1,1,1,0,1,2,2,4,11.48,14.76,33.3,ROUGE,,,,,,,,,13.26,1,,,,,,,,,,,,,,,,,,,,,,,,,,,11.07,0.0,12.25,1.0,,,,,11.01,0.0,11.66,0.0,11.42,0.0
B365217,Bakali,Nora,15,12.35,12.18,14.92,11.95,10.66,16.73,13.35,13.03,7,10.15,14.37,12.96,13.9,16.72,14.27,13.25,13.76,13.57,13.3,3,0,ite_genie_info,6,ite,0.5400000000000009,22,11.25,12.427499999999998,14.487499999999999,13.663499999999999,0.25,2.000173325822873,0,1,1,0,1,2,2,4,11.8,12.33,33.3,ROUGE,,,,,,,,,11.38,0,,,,,,,,,,,,,,,,,,,,,,,,,,,13.27,1.0,10.13,0.0,,,,,11.25,0.0,11.4,0.0,12.94,1.0
G791871,Chafik,Omar,15,12.47,8.96,15.3,13.04,9.25,17.5,14.38,12.71,11,8.07,19.25,12.23,18.55,12.14,14.37,13.86,12.09,13.7,13.21,3,0,ite_genie_info,6,ite,0.9899999999999984,26,10.27,11.6375,15.5425,13.9805,0.25,3.821056282117696,0,1,1,0,1,2,1,5,11.2,11.41,16.7,ROUGE,,,,,,,,,10.96,0,,,,,,,,,,,,,,,,,,,,,,,,,,,11.43,0.0,10.1,0.0,,,,,12.17,1.0,11.42,0.0,10.86,0.0
F505492,Diouri,Samira,15,11.6,11.54,19.35,18.28,12.77,14.93,13.14,14.51,11,12.57,10.99,14.44,12.2,14.52,18.29,16.44,15.87,14.13,14.32,3,0,ite_genie_info,6,ite,-0.379999999999999,26,12.085,15.485,13.037499999999998,14.016499999999997,0.25,2.882353205282101,1,1,1,0,1,2,4,2,11.92,13.78,66.7,JAUNE,,,,,,,,,12.38,1,,,,,,,,,,,,,,,,,,,,,,,,,,,12.89,1.0,10.06,0.0,,,,,11.26,0.0,12.04,1.0,13.37,1.0
F179102,El Ghazi,Karim,11,10.96,11.94,14.88,13.77,14.83,18.8,13.2,13.77,14,11.36,13.73,13.73,18.59,15.25,14.03,12.56,17.67,14.63,14.2,3,0,ite_genie_info,6,ite,0.8600000000000012,25,11.16,13.855,15.325,14.736999999999998,0.25,2.227485877246662,1,1,1,0,1,2,4,2,12.09,15.17,66.7,JAUNE,,,,,,,,,13.51,1,,,,,,,,,,,,,,,,,,,,,,,,,,,13.17,1.0,10.06,0.0,,,,,13.11,1.0,11.58,0.0,12.54,1.0
R404896,Fennich,Rim,5,12.68,15.32,14.46,15.98,13.82,14.92,12.77,14.3,12,10.85,13.42,16.27,11.26,16.78,13.49,10.6,12.35,13.2,13.75,3,0,ite_genie_info,6,ite,-1.1000000000000014,17,11.765,14.895000000000001,14.4325,14.6175,0.25,2.0609178106421964,0,1,1,0,1,2,5,1,13.59,12.34,83.3,VERT,,,,,,,,,12.33,1,,,,,,,,,,,,,,,,,,,,,,,,,,,14.44,1.0,11.44,0.0,,,,,13.08,1.0,14.08,1.0,14.91,1.0
F966662,Guessous,Amine,16,17.35,13.64,16.17,14.49,10.69,11.61,13.02,14.15,14,18.57,10.71,12.27,15.09,16.28,14.58,12.1,15.05,14.37,14.26,3,0,ite_genie_info,6,ite,0.21999999999999886,30,17.96,13.7475,13.5875,13.6515,0.25,2.6993587715933165,1,1,1,0,1,2,4,2,12.51,13.42,66.7,JAUNE,,,,,,,,,12.33,1,,,,,,,,,,,,,,,,,,,,,,,,,,,13.52,1.0,13.55,1.0,,,,,11.49,0.0,10.94,0.0,13.05,1.0
B983460,Hrouch,Latifa,7,12.36,17.17,14.73,19.41,17.86,13.1,13.11,15.48,4,12.52,11.31,10.81,14.26,15.26,16.87,11.23,12.54,12.89,14.19,3,0,ite_genie_info,6,ite,-2.59,11,12.44,17.2925,12.91,14.663,0.25,2.895576895120479,0,1,0,0,0,1,2,4,12.61,11.75,33.3,ROUGE,,,,,,,,,11.23,0,,,,,,,,,,,,,,,,,,,,,,,,,,,14.29,1.0,11.7,0.0,,,,,11.83,0.0,11.6,0.0,13.65,1.0
P162982,Ibnou,Tarik,4,15.39,13.69,10.99,18.23,13.3,12.97,12.36,13.88,16,11.64,18.85,13.54,14.78,13.36,15.19,14.43,11.69,14.12,14.0,3,0,ite_genie_info,6,ite,0.23999999999999844,20,13.515,14.052499999999998,15.1325,14.700499999999998,0.25,2.546710514456727,0,0,1,0,1,2,5,1,12.88,11.84,83.3,VERT,,,,,,,,,11.94,0,,,,,,,,,,,,,,,,,,,,,,,,,,,12.72,1.0,13.35,1.0,,,,,12.92,1.0,12.95,1.0,12.46,1.0
R793782,Jamali,Houda,3,18.72,10.17,10.31,18.06,12.24,13.34,14.66,13.83,4,14.84,13.71,15.95,14.56,14.87,13.38,9.16,12.57,13.84,13.84,3,0,ite_genie_info,6,ite,0.009999999999999787,7,16.78,12.695,14.772499999999999,13.941499999999998,0.25,2.879637515768646,0,1,0,0,0,1,6,0,14.58,13.7,100.0,VERT,,,,,,,,,14.45,1,,,,,,,,,,,,,,,,,,,,,,,,,,,14.68,1.0,15.15,1.0,,,,,14.77,1.0,13.65,1.0,14.66,1.0
H444090,Kabbaj,Bilal,15,19.02,14.78,18.82,12.55,15.3,13.8,15.56,15.95,20,8.36,19.44,15.71,13.18,17.86,10.93,8.14,16.56,14.17,15.06,3,0,ite_genie_info,6,ite,-1.7799999999999994,35,13.69,15.3625,16.5475,16.0735,0.25,3.4987769291568167,1,1,1,0,1,3,4,2,11.95,13.92,66.7,JAUNE,,,,,,,,,12.16,1,,,,,,,,,,,,,,,,,,,,,,,,,,,12.56,1.0,10.88,0.0,,,,,10.96,0.0,12.55,1.0,12.79,1.0
R387056,Lamsaouri,Sara,16,14.81,18.8,13.12,13.34,18.76,12.8,14.17,15.27,20,12.47,10.97,12.42,17.31,10.74,9.86,16.21,16.33,13.28,14.27,3,0,ite_genie_info,6,ite,-1.9900000000000002,36,13.64,16.005000000000003,12.860000000000001,14.118000000000002,0.25,3.026087316064169,1,1,1,0,1,3,0,6,9.86,13.35,0.0,ROUGE,,,,,,,,,11.36,0,,,,,,,,,,,,,,,,,,,,,,,,,,,9.13,0.0,10.12,0.0,,,,,11.27,0.0,10.0,0.0,8.79,0.0
P806489,Majidi,Mehdi,19,11.1,13.59,17.09,19.48,11.06,15.29,12.5,14.29,17,18.88,13.8,14.21,16.61,14.61,15.67,13.7,17.94,15.8,15.04,2,0,ite_genie_info,6,ite,1.5100000000000016,36,14.989999999999998,15.305,14.807500000000001,15.0065,0.16666666666666666,2.925071888955134,1,1,1,0,1,3,0,6,11.36,14.35,0.0,ROUGE,,,,,,,,,11.96,0,,,,,,,,,,,,,,,,,,,,,,,,,,,11.77,0.0,11.25,0.0,,,,,11.3,0.0,10.88,0.0,11.62,0.0
K135036,Naciri,Ghita,20,14.52,9.29,18.18,18.26,9.54,17.33,13.74,14.29,11,9.53,14.02,13.5,14.0,13.5,17.64,18.91,15.9,14.25,14.27,3,0,ite_genie_info,6,ite,-0.03999999999999915,31,12.024999999999999,13.8175,13.754999999999999,13.78,0.25,3.25309835216965,1,1,1,0,1,3,0,6,10.23,13.04,0.0,ROUGE,,,,,,,,,11.13,0,,,,,,,,,,,,,,,,,,,,,,,,,,,10.96,0.0,8.92,0.0,,,,,9.92,0.0,10.25,0.0,11.11,0.0
P850585,Oulhaj,Ayoub,4,16.09,11.23,15.27,16.91,13.78,10.96,12.19,13.97,13,13.89,16.6,13.54,10.75,13.8,14.36,16.33,14.24,14.17,14.07,3,0,ite_genie_info,6,ite,0.1999999999999993,17,14.99,14.2975,13.6725,13.9225,0.25,2.0925964732838485,1,1,1,0,1,2,5,1,12.74,13.35,83.3,VERT,,,,,,,,,12.75,1,,,,,,,,,,,,,,,,,,,,,,,,,,,12.79,1.0,13.63,1.0,,,,,11.22,0.0,12.87,1.0,13.19,1.0
H338865,Qabbaj,Hafsa,8,9.68,12.83,18.57,16.4,18.6,14.34,14.73,14.92,3,13.99,13.87,11.16,15.58,19.23,14.0,10.95,13.99,14.09,14.5,3,0,ite_genie_info,6,ite,-0.8300000000000001,11,11.835,16.6,14.96,15.616000000000001,0.25,3.2650895852947133,0,1,0,0,0,1,4,2,13.73,12.7,66.7,JAUNE,,,,,,,,,11.84,0,,,,,,,,,,,,,,,,,,,,,,,,,,,16.89,1.0,11.63,0.0,,,,,12.02,1.0,12.11,1.0,15.98,1.0
P682652,Rhorchi,Adil,13,17.76,10.14,10.84,14.9,12.78,14.87,16.59,13.75,8,15.82,14.02,10.5,14.83,16.07,13.09,17.72,13.21,14.23,13.99,3,0,ite_genie_info,6,ite,0.4800000000000004,21,16.79,12.165000000000001,13.855,13.179000000000002,0.25,2.610028522619799,0,1,1,0,1,2,2,4,11.54,11.97,33.3,ROUGE,,,,,,,,,11.14,0,,,,,,,,,,,,,,,,,,,,,,,,,,,12.91,1.0,13.03,1.0,,,,,10.32,0.0,9.45,0.0,11.97,0.0
M552358,Senhaji,Meriem,20,13.08,10.29,8.73,19.45,17.59,17.42,16.24,14.13,12,10.36,16.78,14.38,16.46,18.25,16.44,13.46,16.65,15.28,14.71,3,0,ite_genie_info,6,ite,1.1499999999999986,32,11.719999999999999,14.015,16.4675,15.4865,0.25,3.761306067489501,1,1,1,0,1,3,2,4,11.05,13.67,33.3,ROUGE,,,,,,,,,11.69,0,,,,,,,,,,,,,,,,,,,,,,,,,,,12.82,1.0,9.4,0.0,,,,,11.05,0.0,9.88,0.0,12.08,1.0
T610945,Tounsi,Driss,0,12.56,14.31,18.53,16.34,17.59,9.54,18.97,15.46,14,14.62,9.51,13.27,13.17,12.76,11.23,19.2,16.41,13.65,14.55,3,0,ite_genie_info,6,ite,-1.8100000000000005,14,13.59,16.692500000000003,12.1775,13.983500000000001,0.25,2.6593783734800387,1,1,1,0,1,1,5,1,12.5,14.69,83.3,VERT,,,,,,,,,13.54,1,,,,,,,,,,,,,,,,,,,,,,,,,,,12.74,1.0,11.85,0.0,,,,,12.28,1.0,12.56,1.0,13.07,1.0
R210602,Umlil,Widad,2,16.22,13.51,14.59,12.88,15.06,12.95,16.39,14.53,19,11.46,18.52,15.07,11.56,10.6,14.56,12.32,12.84,13.49,14.01,3,0,ite_genie_info,6,ite,-1.0399999999999991,21,13.84,14.010000000000002,13.937500000000002,13.966500000000002,0.25,2.436003329682088,0,1,1,0,1,2,2,4,11.42,12.13,33.3,ROUGE,,,,,,,,,11.66,0,,,,,,,,,,,,,,,,,,,,,,,,,,,9.71,0.0,12.39,1.0,,,,,11.5,0.0,13.04,1.0,10.46,0.0
K137610,Vantorre,Hamza,19,16.55,18.42,19.47,15.88,14.67,12.31,11.45,16.06,4,12.76,10.96,17.48,15.06,13.73,15.38,9.89,14.53,13.81,14.93,3,0,ite_genie_info,6,ite,-2.2499999999999982,23,14.655000000000001,17.11,14.307500000000001,15.4285,0.25,2.6159587152705597,1,1,1,0,1,2,5,1,13.23,13.8,83.3,VERT,,,,,,,,,13.32,1,,,,,,,,,,,,,,,,,,,,,,,,,,,12.56,1.0,11.93,0.0,,,,,14.14,1.0,14.29,1.0,13.25,1.0
T754283,Wazzan,Chaimaa,20,13.92,9.15,19.17,19.11,13.03,12.78,15.6,14.65,11,13.7,12.6,12.4,17.15,14.08,12.4,10.34,10.86,12.97,13.81,3,0,ite_genie_info,6,ite,-1.6799999999999997,31,13.809999999999999,15.115,14.0575,14.4805,0.25,3.1621386925799304,0,0,1,0,1,3,0,6,10.61,9.89,0.0,ROUGE,,,,,,,,,9.25,0,,,,,,,,,,,,,,,,,,,,,,,,,,,11.71,0.0,9.76,0.0,,,,,10.42,0.0,9.77,0.0,11.39,0.0
T888159,Xalki,Zakaria,16,10.75,11.12,14.83,13.25,14.33,13.33,13.73,12.93,19,12.44,11.44,16.45,12.52,17.63,13.76,12.79,14.88,14.01,13.47,3,0,ite_genie_info,6,ite,1.08,35,11.594999999999999,13.3825,14.509999999999998,14.058999999999997,0.25,2.3052702902503888,1,1,1,0,1,3,2,4,10.94,12.53,33.3,ROUGE,,,,,,,,,10.96,0,,,,,,,,,,,,,,,,,,,,,,,,,,,12.11,1.0,8.7,0.0,,,,,10.75,0.0,10.8,0.0,12.35,1.0
F122914,Yahyaoui,Fatima,1,12.97,12.68,13.05,14.66,15.41,11.4,14.76,13.53,14,17.61,10.3,12.93,16.7,15.23,16.23,13.16,11.39,14.03,13.78,3,0,ite_genie_info,6,ite,0.5,15,15.29,13.95,13.79,13.854,0.25,2.1746580829587385,0,0,1,0,1,1,4,2,12.97,11.51,66.7,JAUNE,,,,,,,,,11.59,0,,,,,,,,,,,,,,,,,,,,,,,,,,,13.91,1.0,13.02,1.0,,,,,13.22,1.0,11.44,0.0,13.24,1.0
P278845,Zeroual,Saad,0,17.66,14.29,14.05,14.88,12.6,10.05,14.22,14.23,4,12.86,14.84,12.48,10.4,17.51,12.68,12.19,11.37,13.06,13.64,3,0,ite_genie_info,6,ite,-1.17,4,15.26,13.955,13.807500000000001,13.8665,0.25,2.250081726910776,0,0,0,0,0,0,5,1,14.35,11.92,83.3,VERT,,,,,,,,,12.28,1,,,,,,,,,,,,,,,,,,,,,,,,,,,15.89,1.0,14.79,1.0,,,,,11.87,0.0,13.46,1.0,15.75,1.0
P111157,Azzimani,Basma,5,18.14,15.2,11.21,15.93,12.42,12.15,14.52,14.35,11,14.41,12.45,12.62,16.12,10.26,9.43,17.29,19.11,14.08,14.21,3,0,ite_genie_info,6,ite,-0.2699999999999996,16,16.275,13.690000000000001,12.862499999999999,13.1935,0.25,2.4807758642990887,1,1,1,0,1,2,3,3,12.03,16.92,50.0,JAUNE,,,,,,,,,15.46,1,,,,,,,,,,,,,,,,,,,,,,,,,,,10.84,0.0,13.89,1.0,,,,,13.13,1.0,11.76,0.0,10.55,0.0
M988482,Berrada,Othmane,6,10.37,11.25,16.52,12.71,15.29,13.82,18.19,13.75,5,16.17,19.25,12.67,16.61,11.02,14.31,12.36,13.36,14.64,14.2,3,0,ite_genie_info,6,ite,0.8900000000000006,11,13.27,13.9425,14.8875,14.5095,0.25,2.977785157536461,0,1,0,0,0,1,4,2,12.51,12.62,66.7,JAUNE,,,,,,,,,12.13,1,,,,,,,,,,,,,,,,,,,,,,,,,,,11.56,0.0,13.52,1.0,,,,,12.92,1.0,13.1,1.0,11.43,0.0
G153434,Chebihi,Sanae,4,14.93,16.72,12.89,12.27,11.34,18.82,10.86,14.01,15,9.97,14.84,14.06,15.56,14.29,13.78,12.8,13.4,13.54,13.77,3,0,ite_genie_info,6,ite,-0.47000000000000064,19,12.45,13.305,14.6875,14.1345,0.25,2.0562103761801978,0,1,1,0,1,2,6,0,12.96,13.09,100.0,VERT,,,,,,,,,12.88,1,,,,,,,,,,,,,,,,,,,,,,,,,,,12.95,1.0,12.13,1.0,,,,,13.74,1.0,13.29,1.0,12.69,1.0
T164033,Dkhil,Khalid,6,19.37,12.6,14.61,17.91,14.01,13.77,14.98,15.41,13,12.86,14.74,13.5,11.32,12.13,13.92,11.24,10.84,12.62,14.02,3,0,ite_genie_info,6,ite,-2.790000000000001,19,16.115000000000002,14.7825,12.922500000000001,13.666500000000001,0.25,2.54522319475348,0,0,1,0,1,2,3,3,12.47,11.3,50.0,JAUNE,,,,,,,,,11.6,0,,,,,,,,,,,,,,,,,,,,,,,,,,,11.9,0.0,13.86,1.0,,,,,11.55,0.0,12.66,1.0,12.36,1.0
T154299,Errachidi,Loubna,19,19.38,14.42,16.07,19.39,11.75,17.96,12.81,16.08,16,19.46,10.5,14.51,17.55,14.07,10.84,12.81,13.48,14.33,15.2,3,0,ite_genie_info,6,ite,-1.7499999999999982,35,19.42,15.4075,14.1575,14.6575,0.25,3.2181499170934984,0,1,1,0,1,3,1,5,11.55,12.09,16.7,ROUGE,,,,,,,,,11.17,0,,,,,,,,,,,,,,,,,,,,,,,,,,,11.51,0.0,12.67,1.0,,,,,11.76,0.0,10.53,0.0,11.3,0.0
T543099,Filali,Anas,12,17.23,16.49,16.24,16.85,15.01,13.76,13.94,15.87,12,11.68,18.7,14.53,15.65,15.59,9.54,17.22,11.26,14.3,15.09,3,0,ite_genie_info,6,ite,-1.5699999999999985,24,14.455,16.1475,16.1175,16.1295,0.25,1.8709774628965115,0,0,1,0,1,2,5,1,13.23,11.32,83.3,VERT,,,,,,,,,11.36,0,,,,,,,,,,,,,,,,,,,,,,,,,,,13.44,1.0,13.02,1.0,,,,,12.9,1.0,13.5,1.0,13.3,1.0
F364736,Gourari,Zineb,1,12.92,14.37,10.54,15.47,12.13,19.08,12.73,13.62,15,18.11,11.98,12.2,12.6,13.8,14.12,14.52,11.84,13.59,13.61,3,0,ite_genie_info,6,ite,-0.02999999999999936,16,15.515,13.1275,12.645,12.838000000000001,0.25,2.152201973173831,0,0,1,0,1,2,3,3,12.21,11.44,50.0,JAUNE,,,,,,,,,11.18,0,,,,,,,,,,,,,,,,,,,,,,,,,,,12.38,1.0,13.7,1.0,,,,,11.59,0.0,11.27,0.0,12.11,1.0
N811349,Hasnaoui,Reda,16,10.68,13.99,15.12,17.87,12.1,12.03,16.98,14.0,8,11.12,17.3,18.5,16.79,11.12,14.45,14.07,14.62,14.85,14.43,3,0,ite_genie_info,6,ite,0.8499999999999996,24,10.899999999999999,14.770000000000001,15.927499999999998,15.4645,0.25,3.0599544295807926,1,1,1,0,1,2,3,3,12.56,13.77,50.0,JAUNE,,,,,,,,,13.21,1,,,,,,,,,,,,,,,,,,,,,,,,,,,11.11,0.0,10.79,0.0,,,,,14.73,1.0,14.42,1.0,11.77,0.0
N172710,Idmansour,Meryem,10,14.21,15.21,6.19,7.72,14.86,2.02,11.96,10.7,20,16.02,7.49,12.88,3.23,13.97,3.73,3.15,8.98,9.3,10.0,9,1,ite_genie_info,6,ite,-1.3999999999999986,30,15.115,10.995000000000001,9.3925,10.0335,0.75,4.555267524769783,0,0,1,1,2,2,0,6,8.7,8.21,0.0,ROUGE,,,,,,,,,7.69,0,,,,,,,,,,,,,,,,,,,,,,,,,,,8.4,0.0,10.35,0.0,,,,,7.18,0.0,8.57,0.0,9.02,0.0
R625857,Jorio,Nabil,4,14.5,15.3,7.1,8.31,7.41,15.4,7.02,10.85,13,16.62,15.22,15.26,16.2,13.2,12.92,16.6,12.79,14.87,12.86,4,1,ite_genie_info,6,ite,4.02,17,15.56,9.530000000000001,14.969999999999999,12.794,0.3333333333333333,3.785016659291094,0,0,1,1,2,2,2,4,11.51,12.11,33.3,ROUGE,,,,,,,,,11.65,0,,,,,,,,,,,,,,,,,,,,,,,,,,,10.25,0.0,12.89,1.0,,,,,12.94,1.0,11.51,0.0,9.94,0.0
